ID,Ticker,Date,Headline,Summary
19196183,EQIX,2021-01-17T19:56:28Z,'Fast Money' Picks For January 19,"On CNBC&#39;s &#34;Fast Money Final Trades,&#34; Jeff Mills said Illumina, Inc. (NASDAQ: ILMN) is a global leader in DNA sequencing with 70% share of the market. He is a buyer of the stock."
19211879,EQIX,2021-01-19T12:55:57Z,"Raymond James Upgrades Equinix to Strong Buy, Announces $835 Price Target",
19216359,EQIX,2021-01-19T15:04:21Z,"Benzinga's Top Ratings Upgrades, Downgrades For January 19, 2021", 
19580296,EQIX,2021-02-10T08:43:09Z,"Earnings Scheduled For February 10, 2021"," 

Companies Reporting Before The Bell

• Advanced Energy Indus (NASDAQ:AEIS) is projected to report quarterly earnings at $1.35 per share on revenue of $364.66 million."
19599923,EQIX,2021-02-10T21:13:28Z,"Equinix Q4 AFFO $5.76 Up From $5.51 YoY, Sales $1.56B Beat $1.56B Estimate",
19600097,EQIX,2021-02-10T21:15:57Z,Equinix Sees FY21 Sales $6.58B-$6.64B Vs $6.59B Estimates,
19600491,EQIX,2021-02-10T21:27:22Z,Equinix Raises Its Quarterly Dividend From $2.66 To $2.87 Per Share,
19610850,EQIX,2021-02-11T12:32:14Z,"Raymond James Maintains Strong Buy on Equinix, Raises Price Target to $856",
19615167,EQIX,2021-02-11T14:48:36Z,"Credit Suisse Maintains Outperform on Equinix, Raises Price Target to $942",
19618672,EQIX,2021-02-11T16:42:57Z,"Cowen & Co. Maintains Outperform on Equinix, Lowers Price Target to $811",
19637923,EQIX,2021-02-12T14:23:34Z,"Citigroup Maintains Buy on Equinix, Lowers Price Target to $849",
19774997,EQIX,2021-02-22T15:15:52Z,Understanding Equinix's Ex-Dividend Date,"On February 10, 2021, Equinix (NASDAQ:EQIX) declared a dividend payable on March 17, 2021 to its shareholders. Equinix also announced that shareholders on the company&#39;s books on or before February 24, 2021 are entitled to the dividend. The stock will then go ex-dividend 1 business day(s) before the record date."
19817494,EQIX,2021-02-24T11:42:23Z,"Equinix and Vodafone Collaborate to Build Digital Hub in Genoa, Connecting Africa, Europe and the Middle East",
19981020,EQIX,2021-03-03T13:01:12Z,Pure Storage and Equinix Collaborate to Deliver Physical Infrastructure at Software Speed,
19984237,EQIX,2021-03-03T16:10:20Z,Pure Storage Partners With Equinix To Deliver Physical Infrastructure At Cloud Speed,"
"
20023950,EQIX,2021-03-05T12:53:30Z,"Cramer Gives His Opinion On Equinix, Walgreens Boots Alliance And CEL-SCI","Jim Cramer said on CNBC&#39;s &#34;Mad Money Lightning Round&#34; that Equinix Inc (NASDAQ: EQIX) is a real estate investment trust and right now, with the interest rates going higher, people don&#39;"
20084266,EQIX,2021-03-09T19:58:08Z,"4 Secular Growth Stock Ideas From BofA: Chewy, Amazon, Alphabet, Equinix","Growth stocks have been outperforming value stocks for almost the entire last decade. Yet with stocks at all-time highs, many growth stocks now have stretched valuations."
20138658,EQIX,2021-03-12T11:24:00Z,"Evercore ISI Group Initiates Coverage On Equinix with Outperform Rating, Announces Price Target of $820",
20142455,EQIX,2021-03-12T14:55:23Z,"Mizuho Maintains Buy on Equinix, Lowers Price Target to $750",
20745791,EQIX,2021-04-22T12:58:51Z,"Credit Suisse Maintains Outperform on Equinix, Lowers Price Target to $936",
20830113,EQIX,2021-04-28T08:15:36Z,"Earnings Scheduled For April 28, 2021"," 

Companies Reporting Before The Bell

• M/I Homes (NYSE:MHO) is likely to report quarterly earnings at $1.51 per share on revenue of $758.77 million."
20849007,EQIX,2021-04-28T20:28:53Z,"Equinix Q1 Adj. FFO $6.98 Up From $6.21 YoY, Sales $1.60B Miss $1.60B Estimate",
20849035,EQIX,2021-04-28T20:29:56Z,Equinix Sees FY21 Sales $6.559B-$6.619B Vs. $6.63B Est.,
20864807,EQIX,2021-04-29T13:59:50Z,"Barclays Maintains Overweight on Equinix, Raises Price Target to $867",
20865853,EQIX,2021-04-29T14:22:48Z,"Credit Suisse Maintains Outperform on Equinix, Lowers Price Target to $932",
21547397,EQIX,2021-06-14T12:19:55Z,"Deutsche Bank Maintains Buy on Equinix, Raises Price Target to $920",
21605301,EQIX,2021-06-17T12:38:39Z,"Goldman Sachs Maintains Buy on Equinix, Raises Price Target to $920",
21609054,EQIX,2021-06-17T14:58:23Z,Analyst Ratings for Equinix,"Within the last quarter, Equinix (NASDAQ:EQIX) has observed the following analyst ratings: 




Last 30 Days
1 Month Ago
2 Months Ago
"
21700051,EQIX,2021-06-24T10:48:50Z,"Credit Suisse Maintains Outperform on Equinix, Lowers Price Target to $907",
21700762,EQIX,2021-06-24T11:20:20Z,"Raymond James Maintains Strong Buy on Equinix, Raises Price Target to $915",
21700777,EQIX,2021-06-24T11:21:15Z,"Wells Fargo Maintains Overweight on Equinix, Raises Price Target to $875",
21701111,EQIX,2021-06-24T11:45:11Z,10 Biggest Price Target Changes For Thursday,"
	Goldman Sachs boosted  Lear Corporation (NYSE: LEA) price target from $198 to $228. Lear shares rose 0.4% to close at $177.00 on Wednesday.
"
21702325,EQIX,2021-06-24T12:27:32Z,"TD Securities Maintains Hold on Equinix, Raises Price Target to $850",
21702835,EQIX,2021-06-24T12:46:31Z,"JP Morgan Maintains Overweight on Equinix, Raises Price Target to $895",
21704905,EQIX,2021-06-24T13:48:53Z,"Truist Securities Maintains Buy on Equinix, Raises Price Target to $900",
21704950,EQIX,2021-06-24T13:51:25Z,"Cowen & Co. Maintains Outperform on Equinix, Raises Price Target to $890",
21706597,EQIX,2021-06-24T14:49:27Z,UPDATE: Raymond James On Equinix Price Target Increase: Co.'s Product Complexity/Diversification And Unparalleled Global Scale Are The Two Biggest Moats Around Business,
21706743,EQIX,2021-06-24T14:55:21Z,"UPDATE: Raymond James On Equinix Price Target Increase: With 40% Of Cloud Access Nodes Worldwide Delivered From EQIX Locations, Firm Believes Co. Can Maintain This Leadership And Expand Within This Product Set",
21707363,EQIX,2021-06-24T15:34:28Z,What 14 Analyst Ratings Have To Say About Equinix,"Within the last quarter, Equinix (NASDAQ:EQIX) has observed the following analyst ratings: 




Last 30 Days
1 Month Ago
2 Months Ago
"
21708517,EQIX,2021-06-24T16:05:53Z,UPDATE: Credit Suisse Earlier Commented On Equinix Price Target Trim: Believes Investor Expectations Experienced A 'Disconnect' Due To Shareholder Overestimation For Co.'s Future Interest Rate Saving Capabilities.,
22018658,EQIX,2021-07-16T14:17:34Z,Stocks That Hit 52-Week Highs On Friday," 

 

During Friday&#39;s morning trading, 90 companies set new 52-week highs."
22189676,EQIX,2021-07-28T08:27:29Z,"Earnings Scheduled For July 28, 2021"," 

Companies Reporting Before The Bell

• Barclays (NYSE:BCS) is likely to report quarterly earnings at $0.55 per share on revenue of $7.90 billion."
22206830,EQIX,2021-07-28T20:04:23Z,"Equinix Q2 AFFO $7.01 Up From $6.35 YoY, Sales $1.66B Beat $1.64B Estimate",
22206886,EQIX,2021-07-28T20:05:06Z,"Equinix Announced It Has Declared A Quarterly Cash Dividend Of $2.87 Per Share On Its Common Stock Paid On September 22, 2021 To Shareholders Of Record On August 18, 2021",
22218775,EQIX,2021-07-29T11:15:26Z,"Credit Suisse Maintains Outperform on Equinix, Raises Price Target to $942",
22225626,EQIX,2021-07-29T14:39:13Z,UPDATE: Credit Suisse On Equinix Post-Earnings: Firm Sees EBITDA Margins To Drawdown Before Improving By 2H22 As Co. Ramps Network Edge With Plans To Bring 700-800 Headcount Per Quarter In 2H21; Sees EMEA Region Q2 Revenue Impressive But Normalizing By Q4,
22233705,EQIX,2021-07-29T20:19:14Z,Qualcomm And Tesla Lead The SPY Higher Thursday,U.S. indices were trading higher Thursday as investors weighed recent economic data and Wednesday&#39;s Fed decision. Investors also watch for developments related to a US infrastructure deal.
22379075,EQIX,2021-08-06T17:12:04Z,Unusual Options Activity Insight: Equinix,"Shares of Equinix (NASDAQ:EQIX) saw some unusual options activity on Friday. Following the unusual option alert, the stock price moved down to $825.58. "
22400088,EQIX,2021-08-09T13:19:11Z,"RBC Capital Maintains Outperform on Equinix, Raises Price Target to $885",
22606295,EQIX,2021-08-21T16:30:29Z,Where Equinix Stands With Analysts," Equinix (NASDAQ:EQIX) has observed the following analyst ratings within the last quarter: 




Last 30 Days
1 Month Ago
2 Months Ago
"
22653439,EQIX,2021-08-25T12:27:53Z,"Barclays Maintains Overweight on Equinix, Lowers Price Target to $879",
22659765,EQIX,2021-08-25T16:52:44Z,Where Equinix Stands With Analysts," Within the last quarter, Equinix (NASDAQ:EQIX) has observed the following analyst ratings: 




Bullish
Somewhat Bullish
Indifferent
"
22882787,EQIX,2021-09-10T11:40:31Z,Oppenheimer Downgrades Equinix to Perform,
22885429,EQIX,2021-09-10T14:05:59Z,"Benzinga's Top Ratings Upgrades, Downgrades For September 10, 2021", 
22888479,EQIX,2021-09-10T17:44:43Z,Expert Ratings For Equinix,Analysts have provided the following ratings for Equinix (NASDAQ:EQIX) within the last quarter: 
23235064,EQIX,2021-10-05T10:21:44Z,"Credit Suisse Downgrades Equinix to Neutral, Lowers Price Target to $731",
23241155,EQIX,2021-10-05T14:14:28Z,"Benzinga's Top Ratings Upgrades, Downgrades For October 5, 2021", 
23244576,EQIX,2021-10-05T16:33:12Z,Where Equinix Stands With Analysts," Within the last quarter, Equinix (NASDAQ:EQIX) has observed the following analyst ratings: "
23429836,EQIX,2021-10-18T21:03:07Z,"Equinix, PGIM Real Estate Report $575M Joint Venture To Extend Hyperscale Data Center Program Into Australia",
23561471,EQIX,2021-10-26T14:29:22Z,"Evercore ISI Group Initiates Coverage On Equinix with Outperform Rating, Announces Price Target of $950",
23564587,EQIX,2021-10-26T16:36:52Z,Where Equinix Stands With Analysts, Equinix (NASDAQ:EQIX) has observed the following analyst ratings within the last quarter: 
23676154,EQIX,2021-10-28T13:00:06Z,"Roundhill Investments Launches BYTE, A Digital Infrastructure ETF: What Investors Should Know","Thematic ETF company Roundhill Investments is back with a new sector ETF launching Thursday. Here are the details for investors.

New ETF: The Roundhill IO Digital Infrastructure ETF (NYSE: BYTE) is targeting growth opportunities in the digital infrastructure sector."
23848464,EQIX,2021-11-03T07:43:52Z,"Earnings Scheduled For November 3, 2021"," 

Companies Reporting Before The Bell

• R.R.Donnelley &amp; Sons (NYSE:RRD) is likely to report quarterly earnings at $0.32 per share on revenue of $1.19 billion."
23873958,EQIX,2021-11-03T20:43:05Z,"Equinix Q3 Adj. FFO $6.94, EPS $1.68,  Sales $1.68B Miss $1.68B Estimate",
23873976,EQIX,2021-11-03T20:43:49Z,"Equinix Sees FY21 Sales $6.614B-$6.634B vs $6.65B Estimate, Adj. EBITDA $3.119B-$3.139B, Adj. FFO $27.03-$27.25/Share",
23882914,EQIX,2021-11-04T10:11:16Z,"Cowen & Co. Downgrades Equinix to Market Perform, Announces $880 Price Target",
23885140,EQIX,2021-11-04T11:33:17Z,"Raymond James Maintains Strong Buy on Equinix, Raises Price Target to $950",
23890364,EQIX,2021-11-04T13:41:39Z,"Credit Suisse Maintains Neutral on Equinix, Raises Price Target to $732",
23891534,EQIX,2021-11-04T14:20:04Z,"Benzinga's Top Ratings Upgrades, Downgrades For November 4, 2021"," Upgrades
"
23899572,EQIX,2021-11-04T16:50:35Z,"TD Securities Maintains Hold on Equinix, Raises Price Target to $900",
23897807,EQIX,2021-11-04T20:40:03Z,What 7 Analyst Ratings Have To Say About Equinix, Analysts have provided the following ratings for Equinix (NASDAQ:EQIX) within the last quarter: 
23923268,EQIX,2021-11-05T14:13:02Z,"Barclays Maintains Overweight on Equinix, Raises Price Target to $939",
23925789,EQIX,2021-11-05T16:13:13Z,Analyst Ratings For Equinix, Analysts have provided the following ratings for Equinix (NASDAQ:EQIX) within the last quarter: 
24090131,EQIX,2021-11-15T13:02:26Z,"RBC Capital Maintains Outperform on Equinix, Lowers Price Target to $850",
24098149,EQIX,2021-11-15T17:00:55Z,Where Equinix Stands With Analysts,Equinix (NASDAQ:EQIX) has observed the following analyst ratings within the last quarter: 
24167273,EQIX,2021-11-18T13:08:33Z,Equinix To Provide Connectivity Infrastructure For DISH's 5G Buildout; Terms Not Disclosed,
24272236,EQIX,2021-11-24T13:02:06Z,"Equinix Reports Collab With EllaLink For High-Capacity Subsea Cable Between Latin America, Europe, No Terms DIsclosed",
24632244,EQIX,2021-12-15T21:11:43Z,Equinix Collaborates With Nasdaq To Scale Digital Infrastructure,
24691546,EQIX,2021-12-20T00:44:50Z,"Fintech Focus For December 20, 2021","

One Big Thing In Fintech: Fintech has seen record-breaking investment activity this year."
24946153,EQIX,2022-01-07T13:06:15Z,"BMO Capital Downgrades Equinix to Market Perform, Announces $865 Price Target",
24948535,EQIX,2022-01-07T15:38:11Z,"Benzinga's Top Ratings Upgrades, Downgrades For January 7, 2022", 
24964500,EQIX,2022-01-10T10:06:18Z,Neoen and Prokon Sign a Power Purchase Agreement with Equinix in Finland for at Least 30 MW of Wind Energy,
24964687,EQIX,2022-01-10T10:29:52Z,"Jefferies Downgrades Equinix to Hold, Lowers Price Target to $840",
24972976,EQIX,2022-01-10T15:05:39Z,"Benzinga's Top Ratings Upgrades, Downgrades For January 10, 2022", 
25016678,EQIX,2022-01-12T14:04:23Z,"Wells Fargo Maintains Overweight on Equinix, Lowers Price Target to $825",
25023561,EQIX,2022-01-12T18:09:53Z,What 10 Analyst Ratings Have To Say About Equinix,Equinix (NASDAQ:EQIX) has observed the following analyst ratings within the last quarter: 
25038951,EQIX,2022-01-13T15:06:27Z,"If You Invested $100 In This Stock 10 Years Ago, Here's How Much You Would Have Today",Equinix (NASDAQ:EQIX) has outperformed the market over the past 10 years by 7.33% on an annualized basis. 
25053716,EQIX,2022-01-14T12:50:55Z,"Barclays Maintains Overweight on Equinix, Lowers Price Target to $888",
25234613,EQIX,2022-01-26T14:51:37Z,This Foreboding Sign Looms Over Equinix's Chart,"If history is any guide, there may be trouble ahead for shares of Equinix (NASDAQ:EQIX).  A so-called &#34;death cross&#34; has formed on its chart and, not surprisingly, this could be bearish for the stock."
25532419,EQIX,2022-02-10T12:26:52Z,"Barclays Maintains Overweight on Equinix, Lowers Price Target to $829",
25541913,EQIX,2022-02-10T16:01:20Z,Expert Ratings For Equinix,Equinix (NASDAQ:EQIX) has observed the following analyst ratings within the last quarter: 
25655575,EQIX,2022-02-16T08:33:14Z,"Earnings Scheduled For February 16, 2022"," 

Companies Reporting Before The Bell

• Wix.com (NASDAQ:WIX) is projected to report quarterly loss at $0.38 per share on revenue of $331.16 million."
25675349,EQIX,2022-02-16T21:10:50Z,"Equinix Q4 AFFO $6.22 Up From $5.76 YoY, Sales $1.71B Beat $1.70B Estimate",
25684762,EQIX,2022-02-17T12:47:38Z,"Wells Fargo Maintains Overweight on Equinix, Lowers Price Target to $775",
25684917,EQIX,2022-02-17T12:56:37Z,"Credit Suisse Maintains Neutral on Equinix, Lowers Price Target to $673",
25686054,EQIX,2022-02-17T13:26:24Z,TD Securities Upgrades Equinix to Buy,
25689555,EQIX,2022-02-17T15:02:20Z,"Benzinga's Top Ratings Upgrades, Downgrades For February 17, 2022","Upgrades
"
25691373,EQIX,2022-02-17T15:39:56Z,"Cowen & Co. Maintains Market Perform on Equinix, Raises Price Target to $890",
25691866,EQIX,2022-02-17T15:52:33Z,"BMO Capital Maintains Market Perform on Equinix, Raises Price Target to $830",
25834608,EQIX,2022-02-25T12:11:41Z,"Deutsche Bank Maintains Buy on Equinix, Lowers Price Target to $780",
25844516,EQIX,2022-02-25T17:12:20Z,Where Equinix Stands With Analysts,"Within the last quarter, Equinix (NASDAQ:EQIX) has observed the following analyst ratings: "
26102225,EQIX,2022-03-11T17:44:29Z,"An American Success Story, Cannabis Mogul Boris Jordan Of Curaleaf: Meet Our Keynote Speakers","From his beginnings on Wall Street in the 1980s to building and overseeing one of the largest cannabis companies on the East Coast, Boris Jordan, executive chairman at Curaleaf Holdings Inc (OTC: CURLF), has come a long way."
26197742,EQIX,2022-03-18T11:06:13Z,Equinix Reports Purchase Of 4 Data Centers From Empresa Nacional De Telecom For Enterprise Value ~$705M,
26240630,EQIX,2022-03-22T16:30:30Z,5 Best Real Estate Stocks To Buy,"Real estate can be one of the best ways to hedge against inflation, but buying and selling property, houses, businesses or other real-world real estate is impractical for many smaller investors."
26541148,EQIX,2022-04-08T11:22:47Z,"Deutsche Bank Maintains Buy on Equinix, Raises Price Target to $785",
26784178,EQIX,2022-04-25T12:08:42Z,"Credit Suisse Maintains Neutral on Equinix, Raises Price Target to $714",
26796097,EQIX,2022-04-25T18:11:46Z,What 8 Analyst Ratings Have To Say About Equinix,Equinix (NASDAQ:EQIX) has observed the following analyst ratings within the last quarter: 
26831812,EQIX,2022-04-27T09:04:53Z,"Earnings Scheduled For April 27, 2022"," 

Companies Reporting Before The Bell

• Deutsche Bank (NYSE:DB) is projected to report earnings for its first quarter."
26854850,EQIX,2022-04-27T20:34:48Z,"Equinix Q1 FFO $7.16 Up From $6.98 YoY, EPS $1.62, Adj. EBITDA $800M, Sales $1.70B Miss $1.75B Estimate",
26854880,EQIX,2022-04-27T20:35:39Z,"Equinix Sees FY22FFO $28.93-$29.26, Adj. EBITDA $3.344B-$3.374B, Sales $7.291B-$7.341B vs $7.24B Estimate",
26863694,EQIX,2022-04-28T11:35:26Z,"BMO Capital Maintains Market Perform on Equinix, Raises Price Target to $825",
26869605,EQIX,2022-04-28T14:10:07Z,"Credit Suisse Maintains Neutral on Equinix, Raises Price Target to $718",
26898076,EQIX,2022-04-29T13:56:42Z,Looking Into Equinix's Return On Capital Employed,"Pulled from Benzinga Pro data, Equinix (NASDAQ:EQIX) showed a loss in earnings since Q3, totaling $123.14 million. Sales, on the other hand, increased by 1.87% to $1.71 billion during Q4."
26958239,EQIX,2022-05-03T12:13:00Z,Equinix Expands In Latin America,
27078871,EQIX,2022-05-09T14:41:15Z,"Insider Weekends: ""Adjusted"" Insider Buying Increased Last Week With Insiders Purchasing $176.54 Million Of Stock","During a highly volatile week for markets, we saw insiders step up and purchase shares, although in aggregate it looked like both insider buying and selling declined compared to the prior week."
27436522,EQIX,2022-05-27T10:36:07Z,"BMO Capital Maintains Market Perform on Equinix, Lowers Price Target to $770",
27445121,EQIX,2022-05-27T16:10:48Z,Where Equinix Stands With Analysts,Equinix (NASDAQ:EQIX) has observed the following analyst ratings within the last quarter: 
27672839,EQIX,2022-06-13T15:02:48Z,Here's How Much You Would Have Made Owning Equinix Stock In The Last 10 Years,"Equinix (NASDAQ:EQIX) has outperformed the market over the past 10 years by 3.14% on an annualized basis producing an average annual return of 13.99%. Currently, Equinix has a market capitalization of $57.25 billion. "
27677156,EQIX,2022-06-13T16:18:42Z,Stocks That Hit 52-Week Lows On Monday," 

During Monday&#39;s trading, 1214 companies set new 52-week lows."
27702083,EQIX,2022-06-14T16:11:58Z,Stocks That Hit 52-Week Lows On Tuesday," 

On Tuesday, 951 companies hit new 52-week lows."
27713632,EQIX,2022-06-15T12:22:13Z,"Cramer Gives His Opinion On Equinix, Bausch Health And More","On CNBC’s &#34;Mad Money Lightning Round,&#34; Jim Cramer said  Bausch Health Companies Inc."
27887533,EQIX,2022-06-28T17:31:42Z,"If You Invested $100 In This Stock 15 Years Ago, You Would Have $700 Today","Equinix (NASDAQ:EQIX) has outperformed the market over the past 15 years by 7.55% on an annualized basis producing an average annual return of 13.89%. Currently, Equinix has a market capitalization of $61.60 billion. "
27900928,EQIX,2022-06-29T15:58:21Z,Short Seller Jim Chanos Betting Against This Booming Tech Sector: 'This Is Our Big Short',"Famed short seller Jim Chanos has a new industry he’s targeting with bets against a high growth area. Here’s why, despite the growing industry, Chanos sees pain for the market leaders."
27904402,EQIX,2022-06-29T16:32:30Z,Check Out What Whales Are Doing With EQIX,"Someone with a lot of money to spend has taken a bearish stance on Equinix (NASDAQ:EQIX).
And retail traders should know.
We noticed this today when the big position showed up on publicly available options history that we track here at Benzinga."
27916639,EQIX,2022-06-30T13:16:27Z,"Jefferies Upgrades Equinix to Buy, Raises Price Target to $790",
27917583,EQIX,2022-06-30T14:30:01Z,"Benzinga's Top Ratings Upgrades, Downgrades For June 30, 2022",
27919963,EQIX,2022-06-30T16:19:34Z,Analyst Ratings for Equinix,Equinix (NASDAQ:EQIX) has observed the following analyst ratings within the last quarter: 
27934204,EQIX,2022-07-01T18:05:43Z,Citi Remains Unfazed By Enron Collapse Predictor's Bearishness On These Data Center Stocks,"
"
28030967,EQIX,2022-07-12T12:06:01Z,"Goldman Sachs Maintains Buy on Equinix, Lowers Price Target to $765",
28053834,EQIX,2022-07-13T16:33:23Z,"$100 Invested In This Stock 20 Years Ago Would Be Worth $4,000 Today","Equinix (NASDAQ:EQIX) has outperformed the market over the past 20 years by 12.97% on an annualized basis producing an average annual return of 20.91%. Currently, Equinix has a market capitalization of $57.16 billion. "
28088478,EQIX,2022-07-15T22:00:26Z,What Are Whales Doing With Equinix,"Benzinga&#39;s options scanner just detected over 13 options trades for Equinix (NASDAQ:EQIX) summing a total amount of $740,390.
At the same time, our algo caught 10 for a total amount of 460,990."
28186274,EQIX,2022-07-25T12:56:08Z,"Wells Fargo Maintains Overweight on Equinix, Lowers Price Target to $760",
28193946,EQIX,2022-07-25T20:35:57Z,Expert Ratings for Equinix,Analysts have provided the following ratings for Equinix (NASDAQ:EQIX) within the last quarter: 
28202358,EQIX,2022-07-26T12:00:59Z,"Morgan Stanley Maintains Equal-Weight on Equinix, Lowers Price Target to $732",
28218700,EQIX,2022-07-27T08:43:15Z,"Earnings Scheduled For July 27, 2022"," 

Companies Reporting Before The Bell

• Equinor (NYSE:EQNR) is projected to report earnings for its second quarter."
28229621,EQIX,2022-07-27T16:30:05Z,The Real Estate Select Sector SPDR Fund: A Trend Analysis On The Benchmark REIT ETF,"The benchmark measure for publicly traded real estate investment trusts (REITs) is the Real Estate Select Sector SPDR Fund (NYSEARCA: XLRE). Take a look at how it’s fallen this year, mostly in April and May:"
28229841,EQIX,2022-07-27T16:39:40Z,Wells Fargo Analyst Lowers Price Targets On Two Data Center REITs,Wells Fargo analyst Eric Luebchow is lowering his price targets for two data center real estate investment trusts (REITs) that he follows.
28234894,EQIX,2022-07-27T20:36:36Z,"Equinix Q2AFFO $7.58, Sales $1.82B Miss $1.82B Estimate",
28239655,EQIX,2022-07-28T08:40:26Z,"Oppenheimer Upgrades Equinix to Outperform, Announces $750 Price Target",
28244441,EQIX,2022-07-28T12:38:49Z,"Credit Suisse Maintains Neutral on Equinix, Lowers Price Target to $716",
28247291,EQIX,2022-07-28T14:07:34Z,"Benzinga's Top Ratings Upgrades, Downgrades For July 28, 2022", 
28250996,EQIX,2022-07-28T16:06:12Z,"U.S. Stocks Turn Higher, Dow Surges More Than 200 Points","U.S. stocks traded higher midway through trading, with the Dow Jones gaining more than 200 points on Thursday."
28250263,EQIX,2022-07-28T17:24:33Z,Short Seller Jim Chanos Slams This Data Center Stock's Metrics: How The CEO Responded,Kynikos Associates founder and short seller Jim Chanos took to his unofficial (and unconfirmed) Twitter  account Thursday to take a shot at Equinix Inc (NASDAQ: EQIX) CEO Charles Meyers on the heels of the company’s earnings r
28253751,EQIX,2022-07-28T18:34:52Z,Nasdaq Rises 100 Points; US Economy Shrinks Again In Q2,"U.S. stocks traded higher toward the end of trading, with the Nasdaq Composite gaining more than 100 points on Thursday."
28272582,EQIX,2022-07-29T18:38:37Z,Here's How Much $1000 Invested In Equinix 10 Years Ago Would Be Worth Today,"Equinix (NASDAQ:EQIX) has outperformed the market over the past 10 years by 3.3% on an annualized basis producing an average annual return of 14.95%. Currently, Equinix has a market capitalization of $64.69 billion. "
28548256,EQIX,2022-08-18T11:48:45Z,"Barclays Maintains Overweight on Equinix, Lowers Price Target to $822",
28553859,EQIX,2022-08-18T15:44:47Z,What 8 Analyst Ratings Have To Say About Equinix," 

Within the last quarter, Equinix (NASDAQ:EQIX) has observed the following analyst ratings:"
28883926,EQIX,2022-09-15T16:10:08Z,"Private Equity Firms Are Flocking To Vodafone's Tower Unit, Valued In The Billions","
"
28981255,EQIX,2022-09-23T11:24:57Z,"Barclays Downgrades Equinix to Equal-Weight, Lowers Price Target to $674",
28981909,EQIX,2022-09-23T12:14:26Z,"Accenture Price Target Cut By This Analyst, Plus Deutsche Bank Predicts $483 For FactSet Research","
	Credit Suisse cut  FedEx Corporation  (NYSE: FDX) price target from $246 to $236. FedEx shares fell 1.9% to $151.56 in pre-market trading.
"
28981719,EQIX,2022-09-23T13:19:41Z,What 8 Analyst Ratings Have To Say About Equinix, Analysts have provided the following ratings for Equinix (NASDAQ:EQIX) within the last quarter: 
28982640,EQIX,2022-09-23T13:23:13Z,Expert Ratings for Equinix," Within the last quarter, Equinix (NASDAQ:EQIX) has observed the following analyst ratings: "
28984388,EQIX,2022-09-23T14:14:24Z,"Benzinga's Top Ratings Upgrades, Downgrades For September 23, 2022"," Upgrades
"
28984401,EQIX,2022-09-23T14:14:30Z,Analyst Ratings for Equinix, Equinix (NASDAQ:EQIX) has observed the following analyst ratings within the last quarter: 
28994530,EQIX,2022-09-25T20:18:46Z,Invest In These 2 High Yielding Data Center REITS As The Credit Risk For Tech Companies Increases,"Although interest rates are rising, it doesn&#39;t mean savvy investors cannot earn positive returns on real estate investment trusts (REITs). Historically, when the risk-free rate rose dramatically in six time periods, REITs earned positive returns during four of those periods, and out of half of those periods, they beat the S&amp;P 500."
29013305,EQIX,2022-09-26T18:09:47Z,Stocks That Hit 52-Week Lows On Monday," 

Monday saw 825 companies set new 52-week lows."
29056593,EQIX,2022-09-28T16:40:22Z,Stocks That Hit 52-Week Lows On Wednesday," 

Wednesday&#39;s session saw 361 companies set new 52-week lows."
29078694,EQIX,2022-09-29T17:32:01Z,Stocks That Hit 52-Week Lows On Thursday," 

On Thursday, 930 stocks hit new 52-week lows."
29136938,EQIX,2022-10-04T13:36:38Z,Major REITs End 2022's 3rd Quarter With Losses,"Interest rate hikes resulted in third-quarter losses for most real estate investment trusts (REITs).

With the Federal Reserve taking short-term rates up by 0.75% and 30-year fixed mortgage rates nearing 7%, REITs headed down in price. The expectation that even higher rates are on the way is not helping."
29158834,EQIX,2022-10-05T19:06:47Z,3 Data Center REITs With The Highest Upside According To Analysts,Data centers — a small sub-sector among real estate investment trusts (REITs) — are less well-known than other types of REITs. Data centers own and manage data storage facilities in which their clients store information safely and securely.
29162804,EQIX,2022-10-06T04:47:08Z,Equinix Expands To Indonesia With Plans For An ~$74M International Business Exchange Data Center In Jakarta,
29166485,EQIX,2022-10-06T12:03:21Z,"Credit Suisse Maintains Neutral on Equinix, Lowers Price Target to $571",
29167137,EQIX,2022-10-06T12:27:54Z,"RBC Capital Maintains Outperform on Equinix, Lowers Price Target to $668",
29171646,EQIX,2022-10-06T18:41:36Z,Stocks That Hit 52-Week Lows On Thursday," 

On Thursday, 142 companies hit new 52-week lows."
29186423,EQIX,2022-10-07T18:27:50Z,Stocks That Hit 52-Week Lows On Friday," 

On Friday, 404 stocks made new 52-week lows."
29213457,EQIX,2022-10-11T11:50:30Z,"Raymond James Maintains Strong Buy on Equinix, Lowers Price Target to $800",
29213923,EQIX,2022-10-11T13:14:54Z,Where Equinix Stands With Analysts," Within the last quarter, Equinix (NASDAQ:EQIX) has observed the following analyst ratings: "
29221348,EQIX,2022-10-11T16:47:32Z,Stocks That Hit 52-Week Lows On Tuesday," 

On Tuesday, 838 companies hit new 52-week lows."
29234547,EQIX,2022-10-12T12:53:55Z,"Goldman Sachs Maintains Buy on Equinix, Lowers Price Target to $670",
29236955,EQIX,2022-10-12T14:10:15Z,"Deutsche Bank Maintains Buy on Equinix, Lowers Price Target to $635",
29363206,EQIX,2022-10-21T17:29:06Z,Why REITs Are Being Sold And Avoided,"Why REITs Are Being Sold And Avoided

Interest rates, interest rate hikes and expectations about further interest rate hikes are creating problems for real estate investment trusts. "
29417732,EQIX,2022-10-26T14:04:31Z,"Morgan Stanley Maintains Equal-Weight on Equinix, Lowers Price Target to $704",
29516378,EQIX,2022-11-02T08:37:34Z,"Earnings Scheduled For November 2, 2022","Companies Reporting Before The Bell

• Nomura Holdings (NYSE:NMR) is likely to report earnings for its second quarter."
29532854,EQIX,2022-11-02T20:17:53Z,"Equinix Q3 EPS $7.73 Up From $6.94 YoY, Sales $1.84B Beat $1.84B Estimate",
29532905,EQIX,2022-11-02T20:19:47Z,Equinix Sees Q4 Revenue $1.848B-$1.868B vs 1.88B; Sees FY22 Revenue $7.240B-$7.260B vs $7.27B,
29544299,EQIX,2022-11-03T12:33:30Z,"Credit Suisse Maintains Neutral on Equinix, Raises Price Target to $591",
29546630,EQIX,2022-11-03T13:27:11Z,"BMO Capital Maintains Market Perform on Equinix, Lowers Price Target to $660",
29547611,EQIX,2022-11-03T14:14:32Z,What 10 Analyst Ratings Have To Say About Equinix," Over the past 3 months, 10 analysts have published their opinion on Equinix (NASDAQ:EQIX) stock. These analysts are typically employed by large Wall Street banks and tasked with understanding a company&#39;s business to predict how a stock will trade over the upcoming year."
29572688,EQIX,2022-11-04T16:28:34Z,"How This US Senator, Finance Committee Member Is Betting Against The Stock Market",A U.S. Senator who previously bet against the stock market in 2022 has placed a new bet with an ETF that shorts U.S. listed companies. Here are the details.
29698804,EQIX,2022-11-14T13:00:18Z,"RBC Capital Maintains Outperform on Equinix, Raises Price Target to $720",
29767322,EQIX,2022-11-17T14:16:23Z,"Deutsche Bank Maintains Buy on Equinix, Raises Price Target to $680",
29811539,EQIX,2022-11-22T21:03:25Z,"3 REIT Focused ETFs Paying Consistent Dividends, Poised To Benefit From Fed Pivot","It&#39;s no wonder why so many real estate investment trusts (REITs) have terrible market performance in 2022. After all, the Federal Reserve&#39;s ongoing rate hikes will continue to hurt the real estate sector."
29900946,EQIX,2022-11-30T11:10:32Z,Equinix Enters Malaysia With $40M Initial Investment,"
	Equinix Inc (NASDAQ: EQIX) has made its market entry into Malaysia with plans to build a new International Business Exchange (IBX) data center.
"
30058112,EQIX,2022-12-13T13:45:42Z,"Cowen & Co. Upgrades Equinix to Outperform, Announces $811 Price Target",
30060421,EQIX,2022-12-13T15:01:29Z,"Benzinga's Top Ratings Upgrades, Downgrades For December 13, 2022", 
30057472,EQIX,2022-12-13T16:15:46Z,"Equinix Forays South Africa, Earmarks $160M Data Center Investment","
"
30062902,EQIX,2022-12-13T17:02:33Z,12 Analysts Have This to Say About Equinix, 
30077289,EQIX,2022-12-14T15:18:18Z,"Exane BNP Paribas Initiates Coverage On Equinix with Outperform Rating, Announces Price Target of $886",
30089548,EQIX,2022-12-15T12:28:50Z,"TD Securities Downgrades Equinix to Hold, Announces $750 Price Target",
30093608,EQIX,2022-12-15T15:02:11Z,"Benzinga's Top Ratings Upgrades, Downgrades For December 15, 2022", 
30391079,EQIX,2023-01-12T14:48:05Z,A Bullish Sign Appears On Equinix's Chart, 
30818522,EQIX,2023-02-08T17:24:14Z,How The REIT ETF Benchmarks Reacted To Fed's 0.25% Rate Hike,"All in all, it was a good week for price action in the rate-sensitive real estate investment trust (REIT) sector. 

Worries that the Federal Reserve might take interest rates higher than expected evaporated when it announced a 0.25% hike rather than a 0.5% hike. The REIT exchange-traded funds (ETFs) reached four-month highs."
30909930,EQIX,2023-02-14T20:01:31Z,Earnings Outlook For Equinix, 
30919563,EQIX,2023-02-15T10:34:40Z,"Earnings Scheduled For February 15, 2023","Companies Reporting Before The Bell

• Barclays (NYSE:BCS) is estimated to report earnings for its fourth quarter."
30924655,EQIX,2023-02-15T14:14:07Z,"Morgan Stanley Maintains Equal-Weight on Equinix, Lowers Price Target to $702",
30932548,EQIX,2023-02-15T21:10:03Z,"Equinix Q4 EPS $1.39 Misses $1.74 Estimate, Sales $1.871B Beat $1.87B Estimate",
30932683,EQIX,2023-02-15T21:13:57Z,Equinix Raises Dividend From $3.10 To $3.41,
30932880,EQIX,2023-02-15T21:18:13Z,Equinix Increases Quarterly Dividend On Its Common Stock From $3.10 To $3.41,
30937862,EQIX,2023-02-16T09:08:15Z,Equinix to Build New Data Center in Barcelona To Tap Growing Connectivity Hub of the Mediterranean,
30939613,EQIX,2023-02-16T12:03:51Z,"Oppenheimer Maintains Outperform on Equinix, Raises Price Target to $760",
30939918,EQIX,2023-02-16T12:27:53Z,"Raymond James Maintains Strong Buy on Equinix, Raises Price Target to $825",
30940794,EQIX,2023-02-16T13:04:02Z,"Credit Suisse Maintains Neutral on Equinix, Raises Price Target to $753",
30945592,EQIX,2023-02-16T15:35:34Z,"BMO Capital Maintains Market Perform on Equinix, Raises Price Target to $755",
30960956,EQIX,2023-02-17T15:05:49Z,"Citigroup Maintains Buy on Equinix, Raises Price Target to $825",
31003297,EQIX,2023-02-22T11:56:32Z,"Deutsche Bank Maintains Buy on Equinix, Raises Price Target to $760",
31067524,EQIX,2023-02-27T13:01:54Z,Price Targets On REITs Hiked Despite Analyst Cautiousness,"Fourth-quarter earnings have been piling in for real estate investment trusts (REITs) over the past two weeks, and the majority of them seem to be exceeding their fourth-quarter 2021 earnings as well as analysts’ estimates in both funds from operations (FFO) and revenue."
31217830,EQIX,2023-03-06T14:31:35Z,Equinix's Debt Overview, 
31281576,EQIX,2023-03-09T19:07:08Z,"AI Will Drive 25% Of GDP In 10 Years, Says Analyst: Which Company Will Emerge The Winner?","The use of artificial intelligence (AI) technology is catalyzing the next platform shift, and will become integrated with every business, contributing to 25% of GDP growth, says Oppenheimer &amp; Co.

The company&#39;s Thursday industry update to investors is a deep dive into the new AI food chain infrastructure."
31440314,EQIX,2023-03-21T14:31:35Z,Equinix's Debt Overview, 
31463233,EQIX,2023-03-22T19:09:50Z,4 Defensive Ways To Play The Stock Market, 
31506660,EQIX,2023-03-27T10:01:19Z,"BMO Capital Upgrades Equinix to Outperform, Raises Price Target to $785",
31511230,EQIX,2023-03-27T13:00:36Z,Expert Ratings for Equinix, 
31513991,EQIX,2023-03-27T15:00:29Z,"Benzinga's Top Ratings Upgrades, Downgrades For March 27, 2023", 
31633977,EQIX,2023-04-03T13:44:03Z,REITs Are Back In Favor With Analysts,Analysts’ estimates of real estate investment trusts (REITs) have been on a roller coaster ride in 2023.  
31676544,EQIX,2023-04-05T12:07:09Z,Equinix Announces New State-Of-The-Art International Business Exchange Data Center In Montreal,
31713941,EQIX,2023-04-07T17:31:17Z,What Does Equinix's Debt Look Like?, 
31912474,EQIX,2023-04-20T12:39:13Z,"Morgan Stanley Maintains Equal-Weight on Equinix, Raises Price Target to $714",
31964589,EQIX,2023-04-24T17:31:26Z,Equinix's Debt Overview, 
32017834,EQIX,2023-04-26T18:00:28Z,Here's How Much $100 Invested In Equinix 15 Years Ago Would Be Worth Today, 
32198422,EQIX,2023-05-03T20:26:43Z,"Equinix Q1 EPS $8.59 Up From $7.16 YoY, Sales $2.00B Beat $1.98B Estimate",
32199350,EQIX,2023-05-03T20:39:23Z,Equinix Sees Q2 Revenue $1.995-$2.025B Vs $2.03B Est.; FY23 Revenue $8.175B-$8.275B Vs $8.2B Est.,
32201258,EQIX,2023-05-03T21:31:01Z,Here's How Much $1000 Invested In Equinix 20 Years Ago Would Be Worth Today, 
32206553,EQIX,2023-05-04T09:55:36Z,"Barclays Maintains Equal-Weight on Equinix, Raises Price Target to $700",
32210153,EQIX,2023-05-04T11:49:34Z,"Credit Suisse Maintains Neutral on Equinix, Raises Price Target to $768",
32217531,EQIX,2023-05-04T15:24:39Z,"Stifel Maintains Buy on Equinix, Raises Price Target to $835",
32234518,EQIX,2023-05-05T10:35:52Z,"Citigroup Maintains Buy on Equinix, Raises Price Target to $830",
32366113,EQIX,2023-05-12T14:46:35Z,Equinix's Debt Overview, 
32464100,EQIX,2023-05-18T12:24:56Z,"Argus Research Maintains Buy on Equinix, Raises Price Target to $795",
32495858,EQIX,2023-05-19T21:32:05Z,$100 Invested In Equinix 15 Years Ago Would Be Worth This Much Today, 
32526309,EQIX,2023-05-23T11:35:38Z,"If You Invested $10,000 In Equinix 5 Years Ago, Here's How Much You Would Be Making In Dividends Today","Dividend stock investing is an important part of financial planning for people nearing or in retirement. Careful dividend planning can provide a consistent and steady income for paying bills, traveling, assisting with the education of grandchildren or just having fun. But buying solid dividend companies is not always easy."
32568268,EQIX,2023-05-25T09:12:56Z,"Deutsche Bank Maintains Buy on Equinix, Raises Price Target to $775",
32571304,EQIX,2023-05-25T12:06:05Z,Expert Ratings for Equinix, 
32623076,EQIX,2023-05-30T12:43:57Z,"Morgan Stanley Maintains Equal-Weight on Equinix, Raises Price Target to $725",
32632742,EQIX,2023-05-30T19:01:03Z,Looking At Equinix's Recent Unusual Options Activity, 
32726688,EQIX,2023-06-05T21:00:25Z,Here's How Much $100 Invested In Equinix 20 Years Ago Would Be Worth Today, 
32890740,EQIX,2023-06-16T11:48:30Z,"BMO Capital Maintains Outperform on Equinix, Raises Price Target to $870",
32893327,EQIX,2023-06-16T14:01:56Z,The Latest Analyst Ratings for Equinix, 
32897076,EQIX,2023-06-16T17:00:25Z,BMO Capital Maintains Outperform Rating for Equinix: Here's What You Need To Know, 
32896541,EQIX,2023-06-16T17:55:02Z,Analyst Expects Equinix To Raise Long-Term Outlook At Upcoming Investor Day,BMO Capital Markets analyst Ari Klein raised the price target of Equinix Inc (NASDAQ: EQIX) to $870 
32957137,EQIX,2023-06-21T21:00:24Z,$1000 Invested In Equinix 10 Years Ago Would Be Worth This Much Today, 
32963033,EQIX,2023-06-22T11:13:51Z,"Raymond James Maintains Strong Buy on Equinix, Raises Price Target to $885",
32963179,EQIX,2023-06-22T11:19:46Z,Oppenheimer Downgrades Equinix to Perform,
32968984,EQIX,2023-06-22T15:02:26Z,"Benzinga's Top Ratings Upgrades, Downgrades For June 22, 2023", 
32968563,EQIX,2023-06-22T16:35:23Z,Equinix Says It's Too Early For AI Projections: Analyst Changes Bullish Rating,"Shares of Equinix Inc (NASDAQ: EQIX) tanked in early trading on Thursday, a day after the company held a disappointing analyst day."
33019069,EQIX,2023-06-27T10:17:59Z,"Truist Securities Downgrades Equinix to Hold, Lowers Price Target to $815",
33021920,EQIX,2023-06-27T12:32:17Z,Kellogg To Rally Around 27%? Here Are 10 Other Analyst Forecasts For Tuesday,"
	Stephens &amp; Co. boosted the price target for  Installed Building Products, Inc.  (NYSE: IBP) from $132 to $140. Stephens &amp; Co. analyst Trey Grooms maintained an Equal-Weight rating. Installed Building Products shares rose 0.2% to close at $133.02 on Monday.
"
33026566,EQIX,2023-06-27T15:02:11Z,"Benzinga's Top Ratings Upgrades, Downgrades For June 27, 2023", 
33030706,EQIX,2023-06-27T17:31:53Z,Equinix's Debt Overview, 
33029864,EQIX,2023-06-27T17:56:48Z,Equinix Stock Deemed Fully Valued By Analyst: Anticipated AFFO Earnings Deceleration Poses Risk,"Truist Securities analyst Anthony Hau downgraded the ratings on shares of Equinix, Inc. (NASDAQ: EQIX) from Buy to Hold, "
33154061,EQIX,2023-07-07T21:00:30Z,$100 Invested In Equinix 15 Years Ago Would Be Worth This Much Today, 
33202142,EQIX,2023-07-12T17:49:32Z,"Bernie Sanders Doesn't Own Individual Stocks But His Mutual Fund Holdings Include Stakes In Companies He's Criticized, Including Tesla","U.S. Sen. Bernie Sanders has made waves over the years for targeting the ultra-wealthy, with some of the billionaires accumulating their wealth through stock investments."
33206472,EQIX,2023-07-12T20:18:39Z,"Top Investment Bank Unveils 3 ETFs, 10 Stocks To Buy In The AI Boom", 
33320807,EQIX,2023-07-21T11:58:02Z,"Wells Fargo Downgrades Equinix to Equal-Weight, Maintains Price Target to $810",
33322101,EQIX,2023-07-21T13:00:49Z,What 12 Analyst Ratings Have To Say About Equinix, 
33324564,EQIX,2023-07-21T15:00:30Z,"Benzinga's Top Ratings Upgrades, Downgrades For July 21, 2023", 
33377567,EQIX,2023-07-25T20:00:21Z,"If You Invested $1000 In This Stock 15 Years Ago, You Would Have $9,500 Today", 
33514056,EQIX,2023-08-02T12:45:48Z,"Earnings Scheduled For August 2, 2023","Companies Reporting Before The Bell

• Vanguard Extended Duration Treasury ETF (NYSE:EDV) is estimated to report quarterly earnings at $0.37 per share on revenue of $784.53 million."
33531416,EQIX,2023-08-02T20:10:32Z,Equinix Q2 Sales $2.02B Inline,
33534662,EQIX,2023-08-02T21:21:37Z,"Equinix Q2 FFO $8.04 Up From $7.58 YoY, Sales $2.02B Inline",
33543188,EQIX,2023-08-03T10:53:26Z,"Barclays Maintains Equal-Weight on Equinix, Raises Price Target to $720",
33554497,EQIX,2023-08-03T16:42:07Z,"Raymond James Maintains Strong Buy on Equinix, Raises Price Target to $910",
33695229,EQIX,2023-08-10T07:12:37Z,Equinix Expands Footprint In Mumbai With An Investment Of $42M To Address Rising Demand For Digital Infrastructure,
33757840,EQIX,2023-08-11T18:00:25Z,$1000 Invested In Equinix 20 Years Ago Would Be Worth This Much Today, 
33860823,EQIX,2023-08-15T14:54:01Z,"Deutsche Bank Maintains Buy on Equinix, Raises Price Target to $825",
33862486,EQIX,2023-08-15T16:00:18Z,What 11 Analyst Ratings Have To Say About Equinix, 
34008367,EQIX,2023-08-23T18:06:34Z,VXX Adds $63.85 As Fear Still Pervades Market -  ETF Winners And Losers: Small-Cap Fund Flows,"We performed a screening of mid-cap ETFs - defined as having Assets Under Management (AUM) between $400 million and $2 billion - to determine what funds had the largest change in net assets on the week, according to data from etfdb.com. Only non-leveraged funds were considered. "
34154419,EQIX,2023-08-31T18:30:19Z,Here's How Much You Would Have Made Owning Equinix Stock In The Last 10 Years, 
34362701,EQIX,2023-09-08T14:06:07Z,"Morgan Stanley Maintains Equal-Weight on Equinix, Raises Price Target to $785",
34367998,EQIX,2023-09-08T18:00:17Z,The Latest Analyst Ratings for Equinix, 
34507192,EQIX,2023-09-12T21:30:23Z,"If You Invested $100 In This Stock 15 Years Ago, You Would Have $1,000 Today", 
35032332,EQIX,2023-10-02T14:00:29Z,Here's How Much You Would Have Made Owning Equinix Stock In The Last 15 Years, 
35334952,EQIX,2023-10-19T16:30:25Z,$100 Invested In Equinix 20 Years Ago Would Be Worth This Much Today, 
35409500,EQIX,2023-10-25T11:32:40Z,"Earnings Scheduled For October 25, 2023","Companies Reporting Before The Bell

• Deutsche Bank (NYSE:DB) is estimated to report quarterly earnings at $0.52 per share on revenue of $7.65 billion."
35425301,EQIX,2023-10-25T20:13:04Z,"Equinix Q3 AFFO Per Share $8.19 Vs $7.73 Prior Year, Sales $2.061B Beat $2.058B Estimate",
35426478,EQIX,2023-10-25T20:42:13Z,Equinix Increased Quarterly Cash Dividend From $3.41 To $4.26 Per Share On Its Common Stock Due To Continued Strong Operating Performance,
35426651,EQIX,2023-10-25T20:47:03Z,"Equinix Expects Q4 Revenues Of $2.088B-$2.128B, Est $2.126B",
35426768,EQIX,2023-10-25T20:50:31Z,"Equinix Cuts FY23 Total Revenue Guidance From $8.171B-$8.251B To $8.166B-$8.206B, Est $8.20B",
35439019,EQIX,2023-10-26T13:07:00Z,"Wells Fargo Maintains Equal-Weight on Equinix, Lowers Price Target to $740",
35443901,EQIX,2023-10-26T15:27:11Z,"BMO Capital Maintains Outperform on Equinix, Lowers Price Target to $850",
35474100,EQIX,2023-10-27T20:31:36Z,Equinix Inc Files For Mixed Shelf; Size Not Disclosed,
35543734,EQIX,2023-11-01T17:00:17Z,$100 Invested In Equinix 10 Years Ago Would Be Worth This Much Today, 
35814234,EQIX,2023-11-15T20:30:18Z,Here's How Much $100 Invested In Equinix 20 Years Ago Would Be Worth Today, 
35894640,EQIX,2023-11-21T13:57:19Z,"Oppenheimer Upgrades Equinix to Outperform, Announces $875 Price Target",
35896553,EQIX,2023-11-21T15:00:21Z,Analyst Ratings for Equinix, 
36005223,EQIX,2023-11-29T16:15:23Z,Looking Into Equinix's Recent Short Interest, 
36045451,EQIX,2023-12-01T15:30:24Z,$100 Invested In This Stock 10 Years Ago Would Be Worth $500 Today, 
36107765,EQIX,2023-12-06T10:08:04Z,Keybanc Initiates Coverage On Equinix with Sector Weight Rating,
36152162,EQIX,2023-12-08T13:18:08Z,"Morgan Stanley Maintains Equal-Weight on Equinix, Lowers Price Target to $767",
36155425,EQIX,2023-12-08T16:00:54Z,Expert Ratings for Equinix, 
36348367,EQIX,2023-12-21T17:30:15Z,$1000 Invested In Equinix 5 Years Ago Would Be Worth This Much Today, 
36447226,EQIX,2024-01-02T10:31:39Z,Wolfe Research Upgrades Equinix to Peer Perform,
36455349,EQIX,2024-01-02T17:00:21Z,Analyst Scoreboard: 4 Ratings For Equinix, 
36509518,EQIX,2024-01-05T14:00:17Z,$100 Invested In This Stock 5 Years Ago Would Be Worth $200 Today, 
36645914,EQIX,2024-01-16T17:00:58Z,"Truist Securities Upgrades Equinix to Buy, Raises Price Target to $915",
36661745,EQIX,2024-01-17T15:15:23Z,(EQIX) - Analyzing Equinix's Short Interest, 
36758059,EQIX,2024-01-24T14:02:43Z,Equinix Announces Fully Managed Service For NVIDIA DGX AI Supercomputing,
36759440,EQIX,2024-01-24T14:45:26Z,NVIDIA DGX AI Supercomputing Gets Boost With Equinix's New Fully Managed Service,"Allxon partners with Nvidia to deploy generative AI solutions at the industrial edge, enhancing edge computing capabilities. In addition, Equinix reported a fully managed private cloud service that enables enterprises to easily acquire and manage their own NVIDIA DGX AI supercomputing infrastructure for building and running custom generative AI models."
36767261,EQIX,2024-01-24T20:52:26Z,"Barclays Maintains Equal-Weight on Equinix, Raises Price Target to $788",
36767354,EQIX,2024-01-24T21:00:46Z,Demystifying Equinix: Insights From 4 Analyst Reviews, 
36979303,EQIX,2024-02-07T13:15:13Z,Looking Into Equinix's Recent Short Interest, 
36979714,EQIX,2024-02-07T13:27:32Z,"Equinix, Inc. Expanding Renewable Energy Supply In High-Impact Markets, Equinix Executes Clean Energy Contract In Australia",
37037639,EQIX,2024-02-09T16:00:22Z,"$100 Invested In This Stock 20 Years Ago Would Be Worth $2,800 Today", 
37117938,EQIX,2024-02-14T09:48:44Z,"Earnings Scheduled For February 14, 2024","Companies Reporting Before The Bell

• Sony Group (NYSE:SONY) is projected to report quarterly earnings at $1.65 per share on revenue of $24.62 billion."
37139650,EQIX,2024-02-14T21:07:15Z,"Equinix Q4 FFO $7.30 Up From $7.09 YoY, Sales $2.11B Beat $2.11B Estimate",
37140067,EQIX,2024-02-14T21:12:07Z,Equinix Expects Q1 Revenues To Range Between $2.127B-$2.147B Vs $2.14B Est; FY24 Revenue $8.793B-$8.893B Vs $8.87B Est.,
37157786,EQIX,2024-02-15T14:01:08Z,What Analysts Are Saying About Equinix Stock, 
37262483,EQIX,2024-02-22T14:45:35Z,Monday Is Your Last Chance To Buy Equinix Before The Dividend Payout, 
37289570,EQIX,2024-02-23T17:33:39Z,Equinix Eyes African Growth With $390M Investment In Data Center Expansion: Report,"Equinix reportedly plans to invest $390 million in Africa for data centers and operations. Recently, the company reported Q4 revenue of $2.1B and expect $8.8-8.9B in FY24."
37320932,EQIX,2024-02-26T21:00:28Z,"$1000 Invested In This Stock 5 Years Ago Would Be Worth $2,100 Today", 
37399696,EQIX,2024-02-29T16:58:25Z,"RBC Capital Maintains Outperform on Equinix, Raises Price Target to $950",
37414137,EQIX,2024-03-01T14:29:40Z,"Jim Cramer Says This Is A 'Smart Consulting Company,' Calls Commercial Metals Company A Winner","On CNBC’s &#34;Mad Money Lightning Round,&#34; Jim Cramer said he can’t recommend Equinix, Inc. (NASDAQ: EQIX) as the company’s stock is just up so much."
37477001,EQIX,2024-03-05T11:33:34Z,"Barclays Maintains Equal-Weight on Equinix, Raises Price Target to $91",
37477767,EQIX,2024-03-05T12:00:11Z,Cracking The Code: Understanding Analyst Reviews For Equinix, 
37517861,EQIX,2024-03-06T19:00:45Z,Looking At Equinix's Recent Unusual Options Activity, 
37561495,EQIX,2024-03-08T15:30:31Z,"$100 Invested In This Stock 15 Years Ago Would Be Worth $1,800 Today", 
37627257,EQIX,2024-03-12T16:30:52Z,What the Options Market Tells Us About Equinix, 
37635595,EQIX,2024-03-12T20:37:40Z,Equinix Reveals Planned Leadership Transition Effective Late Q2 2024; Current President And CEO Charles Meyers To Transition To Role Of Executive Chairman; Google Cloud Exec Adaire Fox-Martin Selected As Next CEO,
37667922,EQIX,2024-03-13T16:24:52Z,Data Center REIT Equinix Ropes In Google Executive As New CEO,"Equinix shares down as CEO transition is announced. Adaire Fox-Martin appointed as new President and CEO, effective Q2 2024."
37669909,EQIX,2024-03-13T17:13:41Z,"Stifel Reiterates Buy on Equinix, Maintains $960 Price Target",
37760146,EQIX,2024-03-15T20:29:22Z,Major NAR Settlement In Real Estate Litigation: Are Commissions About To Get A Lot Lower?,"Landmark settlement reached by NAR to address inflated real estate commissions, expected to have impact on costs for consumers. NAR denies misconduct."
37777849,EQIX,2024-03-18T12:11:41Z,"Truist Securities Maintains Buy on Equinix, Raises Price Target to $950",
37846910,EQIX,2024-03-20T13:22:36Z,Equinix Shares Drop 5% In Premarket Trading After Short Seller Hindenburg Research Issues Report On Stock,
37851458,EQIX,2024-03-20T15:53:58Z,"Oppenheimer Maintains Outperform on Equinix, Raises Price Target to $950",
37853214,EQIX,2024-03-20T17:06:53Z,"Stocks Hold Steady Ahead Of Fed Meeting, Oil Eases, Bitcoin Rebounds: What's Driving Markets Wednesday?","It’s a quiet session on Wall Street Wednesday as investors remain on the sidelines, awaiting further clues on monetary policy front with the Federal Open Market Committee (FOMC) meeting scheduled for 2 p.m. ET."
37856272,EQIX,2024-03-20T19:11:50Z,"HSBC Downgrades Equinix to Hold, Announces $900 Price Target",
37851411,EQIX,2024-03-20T19:29:12Z,Hindenburg Research Targets Equinix In New Short Report Claiming Data Center Firm Is Selling 'AI Pipe Dream' (UPDATED),Hindenburg has targeted data center firm Equinix in a new short report published on Wednesday and announced a new short position against the company.
37911687,EQIX,2024-03-25T12:16:59Z,"Equinix Announces Independent Investigation By Audit Committee Into Matters Raised In Recent Short Seller Report And Revealed Receiving A Subpoena From U.S Attorney's Office For Northern District Of California, Intending To Fully Cooperate While Emphasizing Long-Standing Commitment To Financial Transparency And Integrity, And Expressing Confidence In Its Business Value And Customer Relevance Amid Digital Transformations",
37953346,EQIX,2024-03-27T10:36:06Z,Wolf Haldenstein Adler Freeman & Herz Investigates Equinix For Potential Violations Of Federal Securities Laws,
37992096,EQIX,2024-03-28T18:34:29Z,"Morgan Stanley Maintains Equal-Weight on Equinix, Lowers Price Target to $762",
37993987,EQIX,2024-03-28T20:00:53Z,Expert Outlook: Equinix Through The Eyes Of 12 Analysts, 
38005341,EQIX,2024-03-29T14:30:16Z,Peering Into Equinix's Recent Short Interest, 
38072584,EQIX,2024-04-03T15:36:53Z,How To Beat The Herd: Finding Stock Opportunities Where Others Aren't Looking,"Find investment opportunities by anticipating trends, not following them. Look for overlooked pick and shovel plays, like data infrastructure providers."
38093069,EQIX,2024-04-04T14:31:23Z,Here's How Much $100 Invested In Equinix 15 Years Ago Would Be Worth Today, 
38187969,EQIX,2024-04-10T17:01:32Z,Market Whales and Their Recent Bets on EQIX Options, 
38246300,EQIX,2024-04-15T12:09:53Z,Equinix and PGIM Real Estate Enter Into $600M JV For First xScale Data Center In The U.S.,
38252243,EQIX,2024-04-15T15:35:44Z,Equinix Forms Its Second Joint Venture With PGIM Real Estate - What's On The Cards?,"Discover the latest collaboration between Equinix and PGIM Real Estate, forming a $600 million joint venture to develop the first xScale data center in the U.S. "
38280722,EQIX,2024-04-16T20:30:27Z,Here's How Much $100 Invested In Equinix 15 Years Ago Would Be Worth Today, 
38291805,EQIX,2024-04-17T13:09:49Z,"Barclays Maintains Equal-Weight on Equinix, Lowers Price Target to $669",
38294769,EQIX,2024-04-17T15:00:21Z,Expert Ratings For Equinix, 
38339944,EQIX,2024-04-19T17:45:27Z,How Is The Market Feeling About Equinix?, 
38563738,EQIX,2024-05-01T20:00:27Z,"If You Invested $100 In This Stock 20 Years Ago, You Would Have $2,300 Today", 
38613640,EQIX,2024-05-03T13:17:49Z,Will Sam Altman's AltC Acquisition Echo Trump Media's Stock Surge Post-Merger? Redditors Predict 'Rocket Fuel' Rally,Investors are excited about the upcoming acquisition of Oklo Inc. by AltC Acquisition Corp. led by tech luminary Sam Altman. Reddit users are discussing the potential for a stock pop similar to DJT after its merger.
38709586,EQIX,2024-05-08T18:00:22Z,(EQIX) - Analyzing Equinix's Short Interest, 
38717570,EQIX,2024-05-08T22:03:08Z,"Equinix Q1 FFO $8.86 Beats $8.64 Estimate, Sales $2.13B Miss $2.14B Estimate",
38717657,EQIX,2024-05-08T22:04:43Z,"For Q2 2024, Expects Revenues To Range Between $2.148B-$2.168B Vs $2.18B Est.; FY24 Revenue $8.692B-$8.792B Vs $8.86B Est.",
38727392,EQIX,2024-05-09T11:27:00Z,"Wall Street Stares At Weaker Open On Rate Anxiety, Hopes For Better Earnings: Analyst Pencils Key S&P 500 Support Level",Trading in U.S. index futures suggests stocks may be off to a lackluster start again on Thursday.
38734145,EQIX,2024-05-09T14:25:23Z,"Spectrum Brands Posts Upbeat Results, Joins AerSale, Sinclair, ICU Medical And Other Big Stocks Moving Higher On Thursday", 
38736613,EQIX,2024-05-09T15:36:42Z,What's Going On With Data Center REIT Equinix Stock Today?,"Equinix, Inc. reported Q1 FY24 results with revenues up 6%, adjusted EBITDA up to $992M, and a quarterly dividend of $4.26. President and CEO sees potential in digital initiatives driving growth. Gain exposure with Pacer Data &amp; Infrastructure Real Estate ETF."
38738612,EQIX,2024-05-09T16:42:34Z,"Stocks Rebound As Rising Jobless Claims Sustain Rate-Cut Hopes, Dollar Falls, Gold Rallies: What's Driving Markets Thursday?","Wall Street is seeing a day of gains as all major indices traded in the green around noon in New York, driven by a surprising uptick in unemployment claims prompting speculation over Federal Reserve interest rate cuts."
38739926,EQIX,2024-05-09T17:36:39Z,"Hindenburg Research Posts On X ""Equinix Appears To Have Gone ""All-In"" On Accounting Manipulation; Yesterday, The Company Reported That It Had Exonerated Itself Through What It Called An ""independent Investigation"", While Reporting More Plainly Bogus Financials....""",
38740384,EQIX,2024-05-09T17:57:05Z,Why Duolingo Shares Are Trading Lower By Around 18%? Here Are Other Stocks Moving In Thursday's Mid-Day Session, 
38767548,EQIX,2024-05-10T17:53:42Z,"TD Cowen Maintains Buy on Equinix, Lowers Price Target to $859",
38767700,EQIX,2024-05-10T18:00:58Z,Breaking Down Equinix: 12 Analysts Share Their Views, 
38779419,EQIX,2024-05-12T17:33:47Z,"These 10 Large Cap Stocks Shined Brightest Last Week (May 5-May 11, 2024): Are They In Your Portfolio?","Toast, Teva, Vistra, Equinix, Applovin, IFF, Constellation, Emerson, IP, and STERIS were top performers last week. Are they in your portfolio?"
38831599,EQIX,2024-05-14T21:30:19Z,Here's How Much $1000 Invested In Equinix 20 Years Ago Would Be Worth Today, 
38870425,EQIX,2024-05-16T12:16:59Z,"Equinix Unveils Dell PowerStore On Equinix Metal, A New Enterprise-Grade Storage As A Service (STaaS) Solution",
38994073,EQIX,2024-05-23T20:07:07Z,Equinix Announces Pricing Of $750M Public Offering Of 5.500% Senior Notes Due 2034; Effective Interest Rate Of Approximately 3.9% After Swapping To EUR,
39040943,EQIX,2024-05-28T14:55:27Z,"RBC Capital Maintains Outperform on Equinix, Lowers Price Target to $922",
39043814,EQIX,2024-05-28T17:00:57Z,Analyst Expectations For Equinix's Future, 
39089866,EQIX,2024-05-30T15:00:37Z,$100 Invested In Equinix 10 Years Ago Would Be Worth This Much Today, 
39095879,EQIX,2024-05-30T18:59:27Z,"Barclays Maintains Equal-Weight on Equinix, Raises Price Target to $671",
39275915,EQIX,2024-06-11T17:00:31Z,Looking Into Equinix's Recent Short Interest, 
39337882,EQIX,2024-06-14T17:30:26Z,Here's How Much $1000 Invested In Equinix 20 Years Ago Would Be Worth Today, 
39569576,EQIX,2024-07-01T09:22:54Z,"Goldman Sachs Initiates Coverage On Equinix with Buy Rating, Announces Price Target of $870",
39572758,EQIX,2024-07-01T12:01:32Z,Evaluating Equinix: Insights From 5 Financial Analysts, 
39580917,EQIX,2024-07-01T17:34:29Z,"Verizon, AT&T, And T-Mobile Set For Gains, Goldman Sachs Cites AI and Data Center Demand","Goldman Sachs analyst James Schneider initiates coverage on US Telecom Services and infrastructure sector, constructive on wireless carriers and data centers."
39651897,EQIX,2024-07-05T20:00:34Z,$100 Invested In Equinix 20 Years Ago Would Be Worth This Much Today, 
39724141,EQIX,2024-07-11T09:33:13Z,"Mizuho Initiates Coverage On Equinix with Outperform Rating, Announces Price Target of $873",
39746489,EQIX,2024-07-12T11:07:19Z,Equinix Considers Sale Of Minority Stake In Hong Kong Assets,
39850512,EQIX,2024-07-18T21:30:31Z,Here's How Much $100 Invested In Equinix 10 Years Ago Would Be Worth Today, 
39898319,EQIX,2024-07-23T05:39:51Z,"Equinix To Acquire Three High-Performance Data Centers In The Philippines, Strengthening Southeast Asia Presence",
39902511,EQIX,2024-07-23T11:08:26Z,"Wells Fargo Upgrades Equinix to Overweight, Raises Price Target to $875",
39906268,EQIX,2024-07-23T13:07:15Z,This Coinbase Global Analyst Turns Bullish; Here Are Top 5 Upgrades For Tuesday, 
39916045,EQIX,2024-07-23T19:02:16Z,Analyst Expectations For Equinix's Future, 
39968742,EQIX,2024-07-25T19:30:19Z,Peering Into Equinix's Recent Short Interest, 
40079559,EQIX,2024-07-31T19:16:07Z,Market Whales and Their Recent Bets on EQIX Options, 
40232556,EQIX,2024-08-07T20:06:38Z,"Equinix Q2 2024 AFFO $9.22 Beats $8.86 Estimate, Sales $2.160B Beat $2.159B Estimate",
40263579,EQIX,2024-08-08T18:14:12Z,"TD Cowen Maintains Buy on Equinix, Raises Price Target to $865",
40332951,EQIX,2024-08-13T10:37:14Z,"Deutsche Bank Maintains Buy on Equinix, Raises Price Target to $910",
40335388,EQIX,2024-08-13T12:02:34Z,Peeling Back The Layers: Exploring Equinix Through Analyst Insights, 
40341967,EQIX,2024-08-13T15:01:42Z,3 Dividend Stocks To Watch As Fed Weighs Interest Rate Cuts,The following three REIT stocks offer strong dividend growth that could be your best bet in this environment.
40368550,EQIX,2024-08-14T14:02:42Z,$1000 Invested In Equinix 20 Years Ago Would Be Worth This Much Today, 
40486097,EQIX,2024-08-21T13:50:11Z,"Truist Securities Maintains Buy on Equinix, Raises Price Target to $935",
40513813,EQIX,2024-08-22T17:30:28Z,Here's How Much You Would Have Made Owning Equinix Stock In The Last 15 Years, 
40730697,EQIX,2024-09-05T13:15:24Z,(EQIX) - Analyzing Equinix's Short Interest, 
40752686,EQIX,2024-09-06T16:08:37Z,Benzinga's 'Stock Whisper' Index: 5 Stocks Investors Secretly Monitor But Don't Talk About Yet,Here&#39;s a look at five stocks that saw increased attention from Benzinga readers during the week and the reasons why.
40801194,EQIX,2024-09-10T18:00:21Z,Here's How Much You Would Have Made Owning Equinix Stock In The Last 20 Years, 
40829513,EQIX,2024-09-12T11:20:29Z,"Mizuho Maintains Outperform on Equinix, Raises Price Target to $971",
40832597,EQIX,2024-09-12T13:00:45Z,Critical Insights From Equinix Analyst Ratings: What You Need To Know, 
40922851,EQIX,2024-09-18T15:33:42Z,A Closer Look at Equinix's Options Market Dynamics, 
40960926,EQIX,2024-09-20T15:30:26Z,Here's How Much You Would Have Made Owning Equinix Stock In The Last 10 Years, 
41011218,EQIX,2024-09-24T17:17:08Z,CFRA Downgrades Equinix to Hold,
41050576,EQIX,2024-09-26T15:32:05Z,"Goldman Sachs Maintains Buy on Equinix, Raises Price Target to $980",
41066764,EQIX,2024-09-27T13:15:40Z,Price Over Earnings Overview: Equinix, 
41126306,EQIX,2024-10-01T18:04:08Z,"JP Morgan Maintains Overweight on Equinix, Raises Price Target to $975",
41130112,EQIX,2024-10-01T21:00:25Z,8 Analysts Assess Equinix: What You Need To Know, 
41169081,EQIX,2024-10-03T16:02:57Z,Equinix Turbocharges AI And Cloud Growth With $15B Joint Venture: Expanding xScale Data Centers Worldwide,Equinix recently disclosed a joint venture with GIC and CPP Investments to raise over $15B for expansion of hyperscale data centers in US and support AI and cloud services. Equinix CEO states potential for AI growth. 
41181044,EQIX,2024-10-04T09:45:31Z,"HSBC Upgrades Equinix to Buy, Raises Price Target to $1000",
41318251,EQIX,2024-10-14T17:15:28Z,Looking Into Equinix's Recent Short Interest, 
41342173,EQIX,2024-10-15T18:30:28Z,$1000 Invested In Equinix 15 Years Ago Would Be Worth This Much Today, 
41386012,EQIX,2024-10-17T16:11:27Z,"Wells Fargo Maintains Overweight on Equinix, Raises Price Target to $975",
41387187,EQIX,2024-10-17T17:00:40Z,Expert Outlook: Equinix Through The Eyes Of 9 Analysts, 
41492393,EQIX,2024-10-23T15:12:51Z,"Evercore ISI Group Maintains Outperform on Equinix, Raises Price Target to $975",
41494347,EQIX,2024-10-23T16:00:43Z,Expert Outlook: Equinix Through The Eyes Of 9 Analysts, 
41575880,EQIX,2024-10-28T13:50:52Z,"Barclays Maintains Equal-Weight on Equinix, Raises Price Target to $810",
41635908,EQIX,2024-10-30T20:07:26Z,"Equinix Q3 2024 AFFO Per Share $9.05 Beats $8.70 Estimate, Sales $2.20B Inline",
41637692,EQIX,2024-10-30T20:40:40Z,"Equinix Raises FY24 Revenue Outlook From $8.692B - $8.772B To $8.748 - $8.788B (Est $8.746B), Revises AFFO Per Share Outlook From $34.67 - $35.30 To $34.81 - $35.22 (Est $35.11)",
41653493,EQIX,2024-10-31T13:17:42Z,"BMO Capital Maintains Outperform on Equinix, Raises Price Target to $1020",
41661172,EQIX,2024-10-31T17:53:44Z,"TD Cowen Maintains Buy on Equinix, Raises Price Target to $984",
41662887,EQIX,2024-10-31T19:20:15Z,"Scotiabank Maintains Sector Outperform on Equinix, Raises Price Target to $985",
41775343,EQIX,2024-11-06T14:30:39Z,"$1000 Invested In This Stock 20 Years Ago Would Be Worth $23,000 Today", 
42036815,EQIX,2024-11-18T14:07:50Z,"Barclays Maintains Equal-Weight on Equinix, Raises Price Target to $822",
42042642,EQIX,2024-11-18T17:00:28Z,What Analysts Are Saying About Equinix Stock, 
42162638,EQIX,2024-11-25T13:23:15Z,Equinix Expands Sustainability Initiatives With Additional €1.15 Billion In Green Bonds,
42249194,EQIX,2024-11-29T18:19:17Z,"Truist Securities Maintains Buy on Equinix, Raises Price Target to $1090",
42350382,EQIX,2024-12-05T20:45:14Z,Looking Into Equinix's Recent Short Interest, 
42421238,EQIX,2024-12-10T18:31:15Z,"Wells Fargo Maintains Overweight on Equinix, Raises Price Target to $1100",
42440025,EQIX,2024-12-11T15:20:18Z,"RBC Capital Maintains Outperform on Equinix, Raises Price Target to $1025",
42444287,EQIX,2024-12-11T18:00:37Z,Unveiling 14 Analyst Insights On Equinix, 
42474832,EQIX,2024-12-12T22:45:18Z,Here's How Much You Would Have Made Owning Equinix Stock In The Last 15 Years, 
42756683,EQIX,2025-01-01T18:15:14Z,Peering Into Equinix's Recent Short Interest, 
42863564,EQIX,2025-01-07T22:30:21Z,$1000 Invested In Equinix 10 Years Ago Would Be Worth This Much Today, 
43085851,EQIX,2025-01-20T18:45:25Z,(EQIX) - Analyzing Equinix's Short Interest, 
43163656,EQIX,2025-01-23T15:15:11Z,"Stargate Project: Microsoft Gains, Oracle Waits, Data Centers Face Long-Term Questions","President Trump&#39;s $500B Stargate Project unites tech giants to boost US AI supremacy. Microsoft and Oracle stand to benefit, but uncertainty remains."
43169343,EQIX,2025-01-23T17:27:46Z,"Scotiabank Maintains Sector Outperform on Equinix, Raises Price Target to $1114",
43238182,EQIX,2025-01-27T15:47:13Z,"JMP Securities Initiates Coverage On Equinix with Market Outperform Rating, Announces Price Target of $1200",
43253651,EQIX,2025-01-27T22:01:16Z,Beyond The Numbers: 10 Analysts Discuss Equinix Stock, 
43320117,EQIX,2025-01-29T21:30:12Z,"If You Invested $1000 In This Stock 20 Years Ago, You Would Have This Much Today", 
43464809,EQIX,2025-02-04T14:49:58Z,"Wells Fargo Maintains Overweight on Equinix, Lowers Price Target to $1075",
43533706,EQIX,2025-02-06T15:48:04Z,"JMP Securities Reiterates Market Outperform on Equinix, Maintains $1200 Price Target",
43537127,EQIX,2025-02-06T17:16:09Z,Cohen & Steers Expands Active ETF Offerings With Three New Funds,"Cohen &amp; Steers launches 3 new actively managed ETFs targeting real estate, preferred securities, and natural resources, meeting growing demand."
43545630,EQIX,2025-02-06T21:26:39Z,REIT Winners And Losers: January's Trends Reshaping 2025,"REITs start 2025 with modest gains. Russell 1000 and Dow Jones Total Stock Market outperform. ETFs with strong REIT performances include REZ, VNQ, and RSPR."
43649569,EQIX,2025-02-12T08:32:22Z,"Earnings Scheduled For February 12, 2025", 
43674725,EQIX,2025-02-12T21:06:08Z,"Equinix Q4 FFO $7.92 Misses $8.09 Estimate, Sales $2.26B Miss $2.27B Estimate",
43674907,EQIX,2025-02-12T21:10:08Z,Equinix Sees Q1 Revenue $2.191B-$2.231B Vs $2.285B Est.; FY25 Revenue $9.033B-$9.133B Vs $9.404B Est.; AFFO Per Share Is Expected To Range Between $36.69 And $37.51,
43675060,EQIX,2025-02-12T21:12:23Z,Equinix Increases Quarterly Dividend From $4.26 To $4.69 Per Share,
43696320,EQIX,2025-02-13T15:01:11Z,"JMP Securities Reiterates Market Outperform on Equinix, Maintains $1200 Price Target",
43697907,EQIX,2025-02-13T15:22:50Z,"Wells Fargo Maintains Overweight on Equinix, Lowers Price Target to $1065",
43701827,EQIX,2025-02-13T16:42:49Z,"Oppenheimer Maintains Outperform on Equinix, Raises Price Target to $975",
43704412,EQIX,2025-02-13T17:41:38Z,Equinix Analysts Highlight AI Potential Despite Soft Guidance,"Equinix, Inc. (NASDAQ: EQIX) price forecast revised/maintained after fourth-quarter earnings miss. Company reports weak headline guidance but still well-positioned for long-term growth in AI and cloud. Analysts raise price forecast and maintain buy rating."
43704579,EQIX,2025-02-13T17:45:32Z,"BMO Capital Maintains Outperform on Equinix, Lowers Price Target to $1065",
43707025,EQIX,2025-02-13T18:52:47Z,"Scotiabank Maintains Sector Outperform on Equinix, Lowers Price Target to $1033",
43708650,EQIX,2025-02-13T19:34:50Z,"Stocks Rise Despite Hot Producer Inflation, Intel Soars, Bitcoin Drops Below $96,000: What's Driving Markets Thursday?","Wall Street climbed on Thursday, even as the Producer Price Index (PPI) sharply exceeded estimates in January, reigniting concerns over persistent inflationary pressures. "
43711616,EQIX,2025-02-13T21:00:49Z,Equinix Stock: A Deep Dive Into Analyst Perspectives (14 Ratings), 
43848676,EQIX,2025-02-20T14:15:13Z,$100 Invested In This Stock 20 Years Ago Would Be Worth This Much Today, 
43856681,EQIX,2025-02-20T16:52:50Z,"Bloom Energy Strengthens 10-Year Equinix Partnership, Deploying Next-Gen Fuel Cells For Data Center Power","Bloom Energy strengthens partnership with Equinix, expanding power solutions to over 100MW for Equinix&#39;s data centers. Fuel cells reduce pollution and provide reliable energy."
44079860,EQIX,2025-03-03T15:07:03Z,"Scotiabank Maintains Sector Outperform on Equinix, Raises Price Target to $1040",
44088960,EQIX,2025-03-03T19:00:46Z,The Analyst Verdict: Equinix In The Eyes Of 12 Experts, 
44220885,EQIX,2025-03-10T14:09:35Z,"Truist Securities Maintains Buy on Equinix, Lowers Price Target to $990",
44299872,EQIX,2025-03-13T12:08:23Z,"Jack Dorsey's Block First US Company To Deploy Nvidia's AI Cluster, Predicts 30x Performance Boost",Block CEO Jack Dorsey said that he expects Nvidia&#39;s AI clusters to be 30 times more powerful for inferencing and training.
44301370,EQIX,2025-03-13T13:02:38Z,Smart ETF Picks For A Cooling Inflation Era,"Inflation cooled in February, sparking hopes of interest rate cuts. Sectors that could benefit are consumer discretionary, tech, and real estate. Consider XLY, XLK, and IYR ETFs."
44313558,EQIX,2025-03-13T19:00:57Z,Nvidia Stock Reached All-Time Highs After Jensen Huang's CES Keynote — Will Next Week's GTC Spark Another Surge?,Jensen Huang will give a keynote speech at Nvidia&#39;s GTC conference next week. A keynote from Huang at CES earlier this year took Nvidia stock to highs.
44364578,EQIX,2025-03-17T20:17:27Z,Here's How Much You Would Have Made Owning Equinix Stock In The Last 10 Years, 
44416999,EQIX,2025-03-20T13:42:05Z,"Barclays Maintains Equal-Weight on Equinix, Raises Price Target to $834",
44417537,EQIX,2025-03-20T14:01:29Z,Expert Outlook: Equinix Through The Eyes Of 12 Analysts, 
44475088,EQIX,2025-03-25T14:45:12Z,"If You Invested $100 In This Stock 10 Years Ago, You Would Have This Much Today", 
44536094,EQIX,2025-03-28T13:24:15Z,"Mizuho Maintains Outperform on Equinix, Lowers Price Target to $1053",
44600519,EQIX,2025-04-02T06:18:31Z,"Reported Earlier, Trinasolar To Supply Solar Power To Equinix Data Centers Under 20-Year, 30MW PPA For Japan's Yufutsu Abira Project",
44800919,EQIX,2025-04-14T20:00:36Z,How Do Investors Really Feel About Equinix?, 
44876404,EQIX,2025-04-17T19:40:40Z,"Citigroup Maintains Buy on Equinix, Lowers Price Target to $970",
44883576,EQIX,2025-04-18T13:16:46Z,Benzinga's 'Stock Whisper' Index: 5 Stocks Investors Secretly Monitor But Don't Talk About Yet,The Benzinga Stock Whisper Index highlights five stocks that saw higher than usual searches and a look at the potential catalysts surrounding the names.
44923154,EQIX,2025-04-22T13:43:41Z,"Scotiabank Maintains Sector Outperform on Equinix, Lowers Price Target to $1030",
45092803,EQIX,2025-04-30T08:32:41Z,"Earnings Scheduled For April 30, 2025", 
45111682,EQIX,2025-04-30T17:59:18Z,Wall Street Falls On Weak Economic Data As Oil Slumps To $58: What's Driving Markets Wednesday,"Wall Street traded lower on the final session of the month, heading for its third consecutive monthly loss as economic data began reflecting the impact of Trump tariffs."
45116616,EQIX,2025-04-30T20:06:43Z,"Equinix Q1 FFO $9.67 Beats $9.09 Estimate, Sales $2.23B Beat $2.22B Estimate",
45116902,EQIX,2025-04-30T20:09:49Z,Equinix Raises FY2025 FFO Guidance from $36.69-$37.51 to $37.36-$38.17 vs $37.28 Est; Raises FY2025 Sales Guidance from $9.03B-$9.13B to $9.18B-$9.28B vs $9.12B Est,
45116981,EQIX,2025-04-30T20:10:29Z,Equinix Sees Q2 Sales $2.244B-$2.264B vs $2.26B Est,
45142350,EQIX,2025-05-01T15:38:41Z,"TD Securities Maintains Buy on Equinix, Raises Price Target to $1018",
45143244,EQIX,2025-05-01T16:04:11Z,"Stifel Maintains Buy on Equinix, Raises Price Target to $1050",
45145475,EQIX,2025-05-01T17:10:29Z,"JMP Securities Reiterates Market Outperform on Equinix, Maintains $1200 Price Target",
45146182,EQIX,2025-05-01T18:42:26Z,"Wall Street Eyes 8th Positive Day As S&P 500 Recoups Tariff-Led Losses, Bitcoin Rallies To $97,000: What's Driving Markets Thursday? (CORRECTED)",Editor’s Note: The article has been udpated to correct the Stock Movers list.
45154848,EQIX,2025-05-01T22:15:18Z,Here's How Much You Would Have Made Owning Equinix Stock In The Last 20 Years, 
45210405,EQIX,2025-05-05T21:56:57Z,"Citigroup Maintains Buy on Equinix, Raises Price Target to $990",
45277302,EQIX,2025-05-08T07:11:53Z,"Reported Earlier, Hyundai Motor Group Taps Equinix Infrastructure To Accelerate Global Growth Of Connected Car Services, Aiming For 20M Subscribers By 2026",
45305764,EQIX,2025-05-08T23:15:15Z,Here's How Much $100 Invested In Equinix 15 Years Ago Would Be Worth Today, 
45356346,EQIX,2025-05-12T17:59:22Z,"Truist Securities Maintains Buy on Equinix, Lowers Price Target to $986",
45357792,EQIX,2025-05-12T19:00:43Z,What 16 Analyst Ratings Have To Say About Equinix, 
45475376,EQIX,2025-05-16T19:01:13Z,What Does the Market Think About Equinix?, 
45586537,EQIX,2025-05-23T13:25:30Z,"JMP Securities Reiterates Market Outperform on Equinix, Maintains $1200 Price Target",
45623858,EQIX,2025-05-27T16:25:27Z,"Barclays Maintains Equal-Weight on Equinix, Raises Price Target to $837",
45753328,EQIX,2025-06-03T16:45:18Z,"If You Invested $100 In This Stock 10 Years Ago, You Would Have This Much Today", 
45777138,EQIX,2025-06-04T17:01:48Z,"CNBC Halftime Report Final Trades: Dell Technologies, Equinix, Westinghouse Air Brake Technologies, Guidewire Software",
45789808,EQIX,2025-06-05T11:51:20Z,"Dell, Equinix, Guidewire Software And An Industrial Stock: CNBC's 'Final Trades'","On CNBC&#39;s &#34;Halftime Report Final Trades,&#34; Bryn Talkington praises Dell Technologies as a great company to own in the long term."
45840423,EQIX,2025-06-09T15:25:27Z,Wolfe Research Downgrades Equinix to Peer Perform,
45844576,EQIX,2025-06-09T18:00:26Z,Forecasting The Future: 11 Analyst Projections For Equinix, 
45851240,EQIX,2025-06-09T23:15:34Z,$1000 Invested In This Stock 15 Years Ago Would Be Worth This Much Today, 
46114186,EQIX,2025-06-26T12:50:36Z,"JP Morgan Maintains Overweight on Equinix, Lowers Price Target to $935",
46114766,EQIX,2025-06-26T13:01:14Z,The Analyst Verdict: Equinix In The Eyes Of 10 Experts, 
46114790,EQIX,2025-06-26T13:02:29Z,"Scotiabank Maintains Sector Outperform on Equinix, Lowers Price Target to $965",
46114897,EQIX,2025-06-26T13:06:08Z,"B of A Securities Maintains Buy on Equinix, Lowers Price Target to $950",
46116583,EQIX,2025-06-26T14:06:15Z,"JMP Securities Reiterates Market Outperform on Equinix, Maintains $1200 Price Target",
46116815,EQIX,2025-06-26T14:20:24Z,"Wells Fargo Maintains Overweight on Equinix, Lowers Price Target to $925",
46122048,EQIX,2025-06-26T17:16:38Z,"Stifel Maintains Buy on Equinix, Lowers Price Target to $1010",
46122831,EQIX,2025-06-26T17:36:13Z,"Stocks Rally To New Highs, Dollar Tumbles To 40-Month Lows: What's Driving Markets Thursday?","Wall Street entered full rally mode on Thursday, with the Nasdaq 100 extending its record-setting climb and the S&amp;P 500 approaching its February peak, as easing geopolitical fears and renewed hopes for a dovish Federal Reserve lifted investor sentiment."
46122846,EQIX,2025-06-26T17:36:52Z,"BMO Capital Downgrades Equinix to Market Perform, Lowers Price Target to $850",
46159663,EQIX,2025-06-29T16:06:33Z,"Circle Internet, Hims & Hers Health And CoreWeave Are Among Top 10 Large Cap Losers Last Week (June 23-27): Are The Others In Your Portfolio?","Last week&#39;s worst performers include CRCL, HIMS, VG, QXO, CRWV, DUOL, EQIX, EQNR, CF, and EC. Are they in your portfolio?"
46201524,EQIX,2025-07-01T16:28:50Z,"Truist Securities Maintains Buy on Equinix, Lowers Price Target to $904",
46204678,EQIX,2025-07-01T18:10:08Z,"Mizuho Maintains Outperform on Equinix, Lowers Price Target to $900",
46216838,EQIX,2025-07-02T11:42:25Z,Equinix Stock Up 1.7% After Key Trading Signal,"A significant trading signal occurred for Equinix stock as it demonstrated a power inflow at $786.99, after which EQIX rose up to 1.7%."
46228467,EQIX,2025-07-02T17:30:30Z,"Goldman Sachs Maintains Buy on Equinix, Lowers Price Target to $880",
46254617,EQIX,2025-07-03T20:45:16Z,Here's How Much $1000 Invested In Equinix 20 Years Ago Would Be Worth Today, 
46339851,EQIX,2025-07-10T11:49:23Z,"Guggenheim Initiates Coverage On Equinix with Buy Rating, Announces Price Target of $933",
46368059,EQIX,2025-07-11T14:24:37Z,"Barclays Maintains Equal-Weight on Equinix, Lowers Price Target to $798",
46376460,EQIX,2025-07-11T19:21:48Z,"UBS Maintains Buy on Equinix, Lowers Price Target to $950",
46468458,EQIX,2025-07-17T14:01:16Z,"If You Invested $100 In This Stock 20 Years Ago, You Would Have This Much Today", 
46471676,EQIX,2025-07-17T15:20:09Z,"Meta, Palantir, Amazon Are All-In On AI—Can Datacenters Keep Up?","Goldman Sachs projects a 50% surge in global datacenter demand by 2027 as Meta, Palantir and Amazon ramp up AI infrastructure."
46516492,EQIX,2025-07-21T12:26:02Z,Bloomberg: Activist Elliott Boosts Stake in Data Center REIT Equinix,
46544559,EQIX,2025-07-22T13:45:57Z,"JMP Securities Reiterates Market Outperform on Equinix, Maintains $1200 Price Target",
46610528,EQIX,2025-07-24T17:00:35Z,Is Equinix Gaining or Losing Market Support?, 
46714212,EQIX,2025-07-30T08:32:48Z,"Earnings Scheduled For July 30, 2025", 
46737505,EQIX,2025-07-30T20:06:48Z,"Equinix Q2 FFO $9.91 Beats $9.30 Estimate, Sales $2.256B Miss $2.257B Estimate",
46737687,EQIX,2025-07-30T20:09:47Z,Equinix Raises FY2025 FFO Guidance from $37.36-$38.17 to $37.67-$38.48 vs $37.86 Est; Raises FY2025 Sales Guidance from $9.175B-$9.275B to $9.233B-$9.333B vs $9.227B Est,
46737758,EQIX,2025-07-30T20:10:25Z,Equinix Sees Q3 Sales $2.314B-$2.334B vs $2.341B Est,
46767695,EQIX,2025-07-31T17:21:14Z,"Meta, Microsoft Power Wall Street To New Records Despite Inflation Jump: What's Moving Markets Thursday?",A post-earnings surge in Meta Platforms Inc. (NASDAQ:META) and Microsoft Corp.
46775562,EQIX,2025-07-31T20:30:20Z,$100 Invested In Equinix 15 Years Ago Would Be Worth This Much Today, 
46777907,EQIX,2025-07-31T21:40:12Z,"JP Morgan Maintains Overweight on Equinix, Raises Price Target to $940",
46964945,EQIX,2025-08-07T14:15:28Z,"Truist Securities Maintains Buy on Equinix, Raises Price Target to $961",
47086853,EQIX,2025-08-13T11:56:23Z,Jim Cramer: This Real Estate Stock Is 'Still Too Expensive',"
Jim Cramer says Equinix is still too expensive, Albemarle is too volatile, and Astera Labs is too hot. Analysts maintain a Buy on Equinix and raise price target. Albemarle and Astera Labs see mixed price action."
47139743,EQIX,2025-08-14T20:30:18Z,Here's How Much You Would Have Made Owning Equinix Stock In The Last 20 Years, 
47235961,EQIX,2025-08-20T14:26:22Z,America's Hottest New Real Estate Isn't For Humans—It's For AI,"In 2022, office construction was five times larger than data center investment. Fast-forward to today, and the gap is closing fast."
47239261,EQIX,2025-08-20T15:45:54Z,"Barclays Maintains Equal-Weight on Equinix, Raises Price Target to $804",
47245784,EQIX,2025-08-20T20:02:09Z,The Analyst Verdict: Equinix In The Eyes Of 19 Experts, 
47316148,EQIX,2025-08-25T18:00:57Z,What's Driving the Market Sentiment Around Equinix?, 
47479507,EQIX,2025-09-03T16:30:21Z,"If You Invested $100 In This Stock 20 Years Ago, You Would Have This Much Today", 
47611536,EQIX,2025-09-10T23:30:41Z,"If You Invested $1000 In Equinix Stock 15 Years Ago, You Would Have This Much Today", 
48021105,EQIX,2025-10-03T16:01:58Z,Here's How Much $100 Invested In Equinix 20 Years Ago Would Be Worth Today, 
48164391,EQIX,2025-10-11T12:02:25Z,Benzinga's 'Stock Whisper' Index: 5 Stocks Investors Secretly Monitor But Don't Talk About Yet,The Benzinga Stock Whisper Index highlights five stocks seeing increased interest from readers during the week and a look at the potential catalysts driving attention.
48174221,EQIX,2025-10-13T13:28:49Z,Brookfield's $5 Billion Bet Powers Bloom Energy's AI Factory Role,Bloom Energy (NYSE: BE) surges 31% after inking $5B AI infrastructure partnership with Brookfield Asset Management.
48201149,EQIX,2025-10-14T14:45:28Z,$1000 Invested In Equinix 20 Years Ago Would Be Worth This Much Today, 
48248127,EQIX,2025-10-16T13:04:27Z,"Morgan Stanley Initiates Coverage On Equinix with Overweight Rating, Announces Price Target of $950",
48265763,EQIX,2025-10-16T22:01:45Z,A Glimpse Into The Expert Outlook On Equinix Through 5 Analysts, 
48439234,EQIX,2025-10-27T16:15:33Z,Here's How Much You Would Have Made Owning Equinix Stock In The Last 15 Years, 
48462698,EQIX,2025-10-28T14:02:00Z,Earnings Outlook For Equinix, 
48488789,EQIX,2025-10-29T11:11:56Z,"Earnings Scheduled For October 29, 2025", 
48501304,EQIX,2025-10-29T16:00:51Z,What Does the Market Think About Equinix Inc?, 
48503314,EQIX,2025-10-29T16:47:38Z,"S&P 500 Tops 6,900 Ahead Fed Rate Move, Gold Reclaims $4,000: What's Moving Markets Wednesday?","A powerful surge in AI-related stocks — led by a 9% advance in NVIDIA Corp. (NASDAQ:NVDA) over the past two sessions — propelled the S&amp;P 500 above the 6,900 mark and lifted the Nasdaq 100 to 26,100 points, both breaking new records, as investors brace for the Federal Reserve&#39;s"
48511323,EQIX,2025-10-29T20:08:24Z,"Equinix Q3 FFO $9.83 Beats $9.18 Estimate, Sales $2.316B Miss $2.328B Estimate",
48511423,EQIX,2025-10-29T20:09:59Z,Equinix Raises FY2025 FFO Guidance from $37.67-$38.48 to $37.95-$38.77 vs $36.88 Est; Lowers FY2025 Sales Guidance from $9.233B-$9.333B to $9.208B-$9.328B vs $9.258B Est,
48511465,EQIX,2025-10-29T20:10:40Z,Equinix Sees Q4 Sales $2.411B-$2.531B vs $2.451B Est,
48538040,EQIX,2025-10-30T17:40:46Z,"Meta Tumbles 10%, Google Marks Historic Rally: What's Moving Markets Thursday?","Wall Street saw a cautious tone on Thursday as major tech-heavy indexes edged lower, weighed down by mixed earnings from the mega-caps and the lingering impact of hawkish remarks from Fed Chair Jerome Powell th"
48544636,EQIX,2025-10-30T20:24:11Z,"TD Cowen Maintains Buy on Equinix, Raises Price Target to $995",
48545883,EQIX,2025-10-30T20:54:32Z,"JP Morgan Maintains Overweight on Equinix, Raises Price Target to $950",
48598881,EQIX,2025-11-03T17:42:31Z,9 'Second-Level' AI Trades To Consider Buying Now, 
48819955,EQIX,2025-11-12T21:30:36Z,Here's How Much $100 Invested In Equinix 15 Years Ago Would Be Worth Today, 
48842044,EQIX,2025-11-13T17:12:58Z,"La Rosa Holdings Pivots Hard Into AI With Billion-Dollar Backing, Triggering Sharp Stock Drop",La Rosa Holdings Corp. secures $1.25 billion in funding for next-gen AI data centers. CEO outlines vision for tech-forward growth opportunities.
48921496,EQIX,2025-11-18T13:34:42Z,"Truist Securities Maintains Buy on Equinix, Raises Price Target to $973",
48972154,EQIX,2025-11-20T12:44:34Z,CORRECTION: Exact Sciences Ticker Is 'EXAS',
48972204,EQIX,2025-11-20T12:49:16Z,Equinix Announces Merck KGaA Rolls Out High-Performance Computer On Lenovo ThinkSystem Servers,
49135583,EQIX,2025-12-01T14:30:36Z,$1000 Invested In Equinix 15 Years Ago Would Be Worth This Much Today, 
49182559,EQIX,2025-12-03T13:48:55Z,"BMO Capital Upgrades Equinix to Outperform, Maintains Price Target to $900",
49182597,EQIX,2025-12-03T13:54:42Z,This American Eagle Analyst Is No Longer Bearish; Here Are Top 5 Upgrades For Wednesday, 
49197407,EQIX,2025-12-03T21:37:37Z,Equinix Initiates CFO Search As Keith Taylor Plans To Retire,
49486904,EQIX,2025-12-18T17:32:55Z,Data Center Battle: Why Digital Realty Just Became The Top Pick,"Goldman Sachs analyst Michael Ng initiated coverage of DLR (Buy, PT $188), EQIX (Neutral, PT $785), and IREN (Neutral, PT $39), citing growth potential in AI infrastructure and cloud migration."
49575188,EQIX,2025-12-23T21:51:18Z,"What's Next for Equinix? Legal Uncertainty Cleared, And Global Expansion Ramps Up", 
49631076,EQIX,2025-12-30T15:24:33Z,VivoPower Strikes Deal For AI-Ready Data Center In Norway,"VivoPower to acquire hydro-powered data center in Norway, expected to add $10M in pro forma EBITDA. Deal set to close in Jan 2026."
50035126,EQIX,2026-01-21T14:16:52Z,How America's Data Center Boom Is Rewriting The Power Stock Playbook,"Goldman Sachs says the US data center boom is tightening power markets, boosting utilities, grid stocks, renewables and reshaping energy investment plays."
50363489,EQIX,2026-02-04T08:48:50Z,"CoreWeave, IREN, Equinix, Other 'Terrestrial' Data Center Plays In Focus As Jim Chanos Slams 'Space' Narrative","Renowned short-seller Jim Chanos has issued a critique of the emerging “data centers in space” narrative, suggesting that if orbital computing is the future, then the current mu"
50485675,EQIX,2026-02-09T16:30:44Z,"Robinhood, AppLovin, Rivian and More Stocks With Earnings This Week","Investors are anticipating reports from Robinhood, Pinterest, Rivian and more. Here&#39;s a look at the earnings calendar for the week ahead."
50509039,EQIX,2026-02-10T14:01:22Z,Insights into Equinix's Upcoming Earnings, 
50535044,EQIX,2026-02-11T11:11:24Z,"Earnings Scheduled For February 11, 2026", 
50559730,EQIX,2026-02-11T21:06:12Z,"Equinix Q4 FFO $8.91 Beats $8.85 Estimate, Sales $2.420B Miss $2.461B Estimate",
50559808,EQIX,2026-02-11T21:06:49Z,Equinix Sees Q1 Sales $2.496B-$2.536B vs $2.463B Est,
50559949,EQIX,2026-02-11T21:08:00Z,Equinix Sees FY2026 FFO $41.93-$42.74 vs $40.03 Est; Sees Sales $10.123B-$10.223B vs $10.066B Est,
50560003,EQIX,2026-02-11T21:08:31Z,Insights into Equinix Q4 Earnings, 
50560439,EQIX,2026-02-11T21:12:19Z,Equinix Increases Its Quarterly Cash Dividend From $4.69 To $5.16,
50574363,EQIX,2026-02-12T13:37:16Z,"Scotiabank Maintains Sector Outperform on Equinix, Raises Price Target to $997",
50575168,EQIX,2026-02-12T14:00:22Z,Analyst Expectations For Equinix's Future, 
50577415,EQIX,2026-02-12T14:38:43Z,"Wells Fargo Maintains Overweight on Equinix, Raises Price Target to $975",
50582116,EQIX,2026-02-12T15:59:26Z,"Goldman Sachs Maintains Neutral on Equinix, Raises Price Target to $894",
50582929,EQIX,2026-02-12T16:14:46Z,These Analysts Increase Their Forecasts On Equinix Following Q4 Results, 
50582966,EQIX,2026-02-12T16:15:46Z,"Guggenheim Maintains Buy on Equinix, Raises Price Target to $985",
50587097,EQIX,2026-02-12T17:46:34Z,"BMO Capital Maintains Outperform on Equinix, Raises Price Target to $1050",
50588142,EQIX,2026-02-12T18:10:04Z,"UBS Maintains Buy on Equinix, Raises Price Target to $1010",
50588874,EQIX,2026-02-12T18:28:05Z,"Cisco Triggers Tech Selloff, VIX Spikes 16%: What's Moving Markets Thursday?","A volatile Thursday rattled Wall Street, with technology and software stocks sliding across the board after a cautious margin outlook from Cisco Systems Inc."
50593117,EQIX,2026-02-12T20:20:21Z,"JP Morgan Maintains Overweight on Equinix, Raises Price Target to $1100",
50609020,EQIX,2026-02-13T14:00:28Z,How Do Investors Really Feel About Equinix Inc?, 
50689172,EQIX,2026-02-18T15:12:30Z,"Truist Securities Maintains Buy on Equinix, Raises Price Target to $1087",
50849285,EQIX,2026-02-25T14:20:26Z,"Evercore ISI Group Maintains Outperform on Equinix, Raises Price Target to $1060",
50919957,EQIX,2026-02-27T08:16:10Z,"CPP Investments And Equinix Agree To Acquire Nordic Data Center Leader atNorth From Partners Group For $4B, With CPP Taking 60% Stake For ~$1.6B And Equinix Owning 40%",
50923232,EQIX,2026-02-27T12:12:16Z,"Equinix, CPP Bet $4 Billion On Nordic AI Boom With atNorth Deal","CPP Investments and Equinix have entered a joint agreement to acquire atNorth, a leading Nordic data center operator."
50946370,EQIX,2026-02-27T21:05:44Z,"Deal Dispatch: Funko For Sale? Caesars Casino Weighs Offers, iPic Bankrupt",
50984144,EQIX,2026-03-02T21:15:20Z,Here's How Much $100 Invested In Equinix 15 Years Ago Would Be Worth Today, 
51060961,EQIX,2026-03-05T11:25:48Z,"Bernstein Initiates Coverage On Equinix with Outperform Rating, Announces Price Target of $1128",
51062875,EQIX,2026-03-05T12:36:09Z,This Equinix Analyst Begins Coverage On A Bullish Note; Here Are Top 5 Initiations For Thursday,Top Wall Street analysts changed outlook on top names. See analyst ratings page for full view. EQIX stock initiated with Outperform rating.
51155814,EQIX,2026-03-10T13:01:21Z,"Equinix Appoints Olivier Leonetti CFO, Effective March 16",
51322345,EQIX,2026-03-18T12:45:27Z,"Barclays Maintains Equal-Weight on Equinix, Raises Price Target to $1020",
51456570,EQIX,2026-03-25T13:46:19Z,Equinix Has A BBB+ Rating And A 51% Dividend Buffer. The CapEx Cycle Is The Variable Worth Watching., 
