"symbol","company","identifier","sedol","weight","sector","shares_held","local_currency"
"LITE","Lumentum Holdings Inc.","55024U109","BYM9ZP2",0.0135085774666252,"Information Technology",518433,"USD"
"COHR","Coherent Corp.","19247G107","BNG8Z81",0.0117259081442814,"Information Technology",1149133,"USD"
"FTI","TechnipFMC plc","G87110105","BDSFG98",0.00782124283294613,"Energy",2957904,"USD"
"CW","Curtiss-Wright Corporation","231561101","2241205",0.0077578823710152,"Industrials",269635,"USD"
"CASY","Casey's General Stores Inc.","147528103","2179414",0.00774765318875659,"Consumer Staples",271869,"USD"
"FLEX","Flex Ltd","Y2573F102","2353058",0.00723838100444684,"Information Technology",2703952,"USD"
"UTHR","United Therapeutics Corporation","91307C102","2430412",0.00709477941035527,"Health Care",314837,"USD"
"RGLD","Royal Gold Inc.","780287108","2755706",0.00676095533830183,"Materials",592441,"USD"
"WWD","Woodward Inc.","980745103","2948089",0.00670912412218751,"Industrials",438479,"USD"
"XPO","XPO Inc.","983793100","B6Z1355",0.00663630040691586,"Industrials",858328,"USD"
"USFD","US Foods Holding Corp.","912008109","BYVFC94",0.00638505556582505,"Consumer Staples",1630173,"USD"
"ATI","ATI Inc.","01741R102","2526117",0.00613861793649518,"Industrials",993454,"USD"
"THC","Tenet Healthcare Corporation","88033G407","B8DMK08",0.00610792031170727,"Health Care",642628,"USD"
"PSTG","Everpure Inc. Class A","74624M102","BYZ62T3",0.00588960033607348,"Information Technology",2282882,"USD"
"TWLO","Twilio Inc. Class A","90138F102","BD6P5Q0",0.00588479312431254,"Information Technology",1108613,"USD"
"CRS","Carpenter Technology Corporation","144285103","2177504",0.00581157636656987,"Industrials",364282,"USD"
"FN","Fabrinet","G3323L100","B4JSZL8",0.00568164055685532,"Information Technology",261971,"USD"
"BURL","Burlington Stores Inc.","122017106","BF311Y5",0.00564268904017598,"Consumer Discretionary",455335,"USD"
"MTZ","MasTec Inc.","576323109","2155306",0.00563274204225553,"Industrials",448501,"USD"
"RBA","RB Global Inc.","74935Q107","BMWGSD8",0.00562258340608146,"Industrials",1357802,"USD"
"BWXT","BWX Technologies Inc.","05605H100","BZ0W624",0.0055932060008757,"Industrials",668525,"USD"
"ILMN","Illumina Inc.","452327109","2613990",0.00546069022006932,"Health Care",1117293,"USD"
"NVT","nVent Electric plc","G6700G107","BDVJJQ5",0.00538285773279518,"Industrials",1179884,"USD"
"RBC","RBC Bearings Incorporated","75524B104","B0GLYB5",0.00532816436125086,"Industrials",230182,"USD"
"NXT","Nextpower Inc. Class A","65290E101","BR1GTS6",0.00531857009375313,"Industrials",1085023,"USD"
"AA","Alcoa Corporation","013872106","BYNF418",0.00528006200960519,"Materials",1893578,"USD"
"ENTG","Entegris Inc.","29362U104","2599700",0.00515618308514919,"Information Technology",1108516,"USD"
"KTOS","Kratos Defense & Security Solutions Inc.","50077B207","2512149",0.00510754659886341,"Industrials",1349928,"USD"
"SGI","Somnigroup International Inc.","88023U101","2216991",0.00497445637136862,"Consumer Discretionary",1534878,"USD"
"ITT","ITT Inc.","45073V108","BZBY209",0.0049040312229714,"Industrials",621530,"USD"
"WPC","W. P. Carey Inc.","92936U109","B826YT8",0.00486668211021237,"Real Estate",1602416,"USD"
"RS","Reliance Inc.","759509102","2729068",0.00483938077549456,"Materials",382331,"USD"
"OVV","Ovintiv Inc","69047Q102","BJ01KB6",0.00476838118040893,"Energy",2052525,"USD"
"APG","APi Group Corporation","00187Y100","BMBPH06",0.00466819566234701,"Industrials",2706631,"USD"
"NLY","Annaly Capital Management Inc.","035710839","BPMQ7X2",0.00464918853156894,"Financials",4994412,"USD"
"EWBC","East West Bancorp Inc.","27579R104","2487407",0.00449957036426713,"Financials",1006045,"USD"
"CLH","Clean Harbors Inc.","184496107","2202473",0.00449529728714629,"Industrials",367259,"USD"
"SATS","EchoStar Corporation Class A","278768106","B2NC471",0.00448395952355916,"Communication Services",984313,"USD"
"GGG","Graco Inc.","384109104","2380443",0.00445609382016501,"Industrials",1212305,"USD"
"MKSI","MKS Inc.","55306N104","2404871",0.00443469820052458,"Information Technology",491149,"USD"
"LECO","Lincoln Electric Holdings Inc.","533900106","2516851",0.00443297486045934,"Industrials",402360,"USD"
"CSL","Carlisle Companies Incorporated","142339100","2176318",0.0044267365709834,"Industrials",304815,"USD"
"OHI","Omega Healthcare Investors Inc.","681936100","2043274",0.00442346121705823,"Real Estate",2160949,"USD"
"TLN","Talen Energy Corp","87422Q109","BRRF114",0.00440058412964242,"Utilities",334079,"USD"
"JLL","Jones Lang LaSalle Incorporated","48020Q107","2040640",0.00429381766969392,"Real Estate",345098,"USD"
"MTSI","MACOM Technology Solutions Holdings Inc.","55405Y100","B5B15Y5",0.00427694707747627,"Information Technology",468304,"USD"
"DTM","DT Midstream Inc.","23345M107","BN7L880",0.00426496432111618,"Energy",743455,"USD"
"HL","Hecla Mining Company","422704106","2418601",0.00425446303253148,"Materials",4899852,"USD"
"GLPI","Gaming and Leisure Properties Inc.","36467J108","BFPK4S5",0.00423255343427511,"Real Estate",2069393,"USD"
"PFGC","Performance Food Group Co","71377A103","BYVYD43",0.00422972151288134,"Consumer Staples",1146630,"USD"
"CACI","CACI International Inc Class A","127190304","2159267",0.00418320140913184,"Industrials",161450,"USD"
"TRU","TransUnion","89400J107","BYMWL86",0.00417878723984191,"Industrials",1420015,"USD"
"RGA","Reinsurance Group of America Incorporated","759351604","2731193",0.00416608894462433,"Financials",480509,"USD"
"RNR","RenaissanceRe Holdings Ltd.","G7496G103","2728429",0.0041547511810372,"Financials",337165,"USD"
"GWRE","Guidewire Software Inc.","40171V100","B7JYSG3",0.00414449176474235,"Information Technology",621669,"USD"
"TOL","Toll Brothers Inc.","889478103","2896092",0.00411395538814768,"Consumer Discretionary",704766,"USD"
"OKTA","Okta Inc. Class A","679295105","BDFZSP1",0.00411303828904863,"Information Technology",1231794,"USD"
"PR","Permian Resources Corporation Class A","71424F105","BQPCHB2",0.00409503895947831,"Energy",5077326,"USD"
"ELS","Equity LifeStyle Properties Inc.","29472R108","2563125",0.00407069048229919,"Real Estate",1417298,"USD"
"PEN","Penumbra Inc.","70975L107","BZ0V201",0.00405709524400671,"Health Care",286359,"USD"
"DKS","Dick's Sporting Goods Inc.","253393102","2969637",0.00403966028311272,"Consumer Discretionary",483376,"USD"
"BJ","BJ's Wholesale Club Holdings Inc.","05550J101","BFZNZF8",0.00402482544933472,"Consumer Staples",963397,"USD"
"RPM","RPM International Inc.","749685103","2756174",0.00395174978376113,"Materials",937554,"USD"
"NBIX","Neurocrine Biosciences Inc.","64125C109","2623911",0.00394005928975129,"Health Care",729067,"USD"
"WSO","Watsco Inc.","942622200","2943039",0.00392910449062311,"Industrials",255370,"USD"
"NYT","New York Times Company Class A","650111107","2632003",0.00390032168812991,"Communication Services",1181405,"USD"
"WCC","WESCO International Inc.","95082P105","2416973",0.0038767290618566,"Industrials",355709,"USD"
"ROIV","Roivant Sciences Ltd.","G76279101","BMW4NZ9",0.00386861626213425,"Health Care",3203885,"USD"
"PNFP","Pinnacle Financial Partners Inc.","72348N109","BV6GRD0",0.00386584480881296,"Financials",1094019,"USD"
"RRX","Regal Rexnord Corporation","758750103","2730082",0.00385229996058086,"Industrials",485450,"USD"
"STRL","Sterling Infrastructure Inc.","859241101","2632876",0.00384362279218218,"Industrials",224622,"USD"
"MLI","Mueller Industries Inc.","624756102","2609717",0.00380532634628787,"Industrials",811750,"USD"
"ENSG","Ensign Group Inc.","29358P101","B1YWPP8",0.00370615870744577,"Health Care",420569,"USD"
"FIVE","Five Below Inc.","33829M101","B85KFY9",0.00370119024749159,"Consumer Discretionary",403226,"USD"
"ACM","AECOM","00766T100","B1VZ431",0.00367817206790669,"Industrials",968462,"USD"
"CCK","Crown Holdings Inc.","228368106","2427986",0.00367169190614089,"Materials",833714,"USD"
"COKE","Coca-Cola Consolidated Inc.","191098102","2206721",0.00366841655221572,"Consumer Staples",413626,"USD"
"FNF","Fidelity National Financial Inc. - FNF Group","31620R303","BNBRDD4",0.00366334731214077,"Financials",1863543,"USD"
"AR","Antero Resources Corporation","03674X106","BFD2WR8",0.00365704855459236,"Energy",2142959,"USD"
"LSCC","Lattice Semiconductor Corporation","518415104","2506658",0.00365487170398363,"Information Technology",1000196,"USD"
"CG","Carlyle Group Inc","14316J108","BKRTG56",0.00363613667953165,"Financials",1897464,"USD"
"LAMR","Lamar Advertising Company Class A","512816109","BSPHGN6",0.00359773945351657,"Real Estate",635154,"USD"
"WTRG","Essential Utilities Inc.","29670G102","BLCF3J9",0.00359323458211795,"Utilities",2069157,"USD"
"SNX","TD SYNNEX Corporation","87162W100","2002554",0.00359315395802133,"Information Technology",553796,"USD"
"AEIS","Advanced Energy Industries Inc.","007973100","2049175",0.00356978304801373,"Information Technology",275996,"USD"
"DT","Dynatrace Inc.","268150109","BJV2RD9",0.00354486012414619,"Information Technology",2204522,"USD"
"BMRN","BioMarin Pharmaceutical Inc.","09061G101","2437071",0.00350948630175435,"Health Care",1404766,"USD"
"ELAN","Elanco Animal Health Inc.","28414H103","BF5L3T2",0.00348494634234576,"Health Care",3633129,"USD"
"BWA","BorgWarner Inc.","099724106","2111955",0.00347265116761127,"Consumer Discretionary",1564271,"USD"
"TXRH","Texas Roadhouse Inc.","882681109","B033TJ7",0.00346605006970054,"Consumer Discretionary",483667,"USD"
"UNM","Unum Group","91529Y106","2433842",0.00346063817721495,"Financials",1125665,"USD"
"EXEL","Exelixis Inc.","30161Q104","2576941",0.00341360409484949,"Health Care",1960468,"USD"
"SCI","Service Corporation International","817565104","2797560",0.00340657972043151,"Consumer Discretionary",1025023,"USD"
"JAZZ","Jazz Pharmaceuticals Public Limited Company","G50871105","B4Q5ZN4",0.00338856023483703,"Health Care",444323,"USD"
"WBS","Webster Financial Corporation","947890109","2945143",0.00338683689477179,"Financials",1179373,"USD"
"FHN","First Horizon Corporation","320517105","2341484",0.00337594256371606,"Financials",3600452,"USD"
"SF","Stifel Financial Corp","860630102","2849234",0.00334527517296439,"Financials",1116871,"USD"
"PINS","Pinterest Inc. Class A","72352L106","BJ2Z0H2",0.00333337304070092,"Communication Services",4356847,"USD"
"EQH","Equitable Holdings Inc.","29452E101","BKRMR96",0.00328394039146103,"Financials",2095158,"USD"
"NTNX","Nutanix Inc. Class A","67059N108","BYQBFT8",0.00327682531493435,"Information Technology",1980024,"USD"
"ARMK","Aramark","03852U106","BH3XG17",0.0032507031076296,"Consumer Discretionary",1922000,"USD"
"DY","Dycom Industries Inc.","267475101","2289841",0.00319891220356359,"Industrials",211718,"USD"
"EVR","Evercore Inc. Class A","29977A105","B1BHXZ2",0.00319599965807321,"Financials",282822,"USD"
"ALLY","Ally Financial Inc","02005N100","B72XK05",0.00319376233939201,"Financials",2049796,"USD"
"BLD","TopBuild Corp.","89055F103","BZ0P3W2",0.00314910666787683,"Consumer Discretionary",204091,"USD"
"RRC","Range Resources Corporation","75281A109","2523334",0.003141971435326,"Energy",1732506,"USD"
"SPXC","SPX Technologies Inc.","78473E103","BQ1L7V3",0.00312323641087402,"Industrials",364406,"USD"
"EHC","Encompass Health Corporation","29261A100","BYX2YJ7",0.00312093862412036,"Health Care",735719,"USD"
"DCI","Donaldson Company Inc.","257651109","2276467",0.00311574844790048,"Industrials",846974,"USD"
"GME","GameStop Corp. Class A","36467W109","B0LLFT5",0.0031132793349415,"Consumer Discretionary",3013156,"USD"
"EGP","EastGroup Properties Inc.","277276101","2455761",0.00310369514545585,"Real Estate",389434,"USD"
"WMS","Advanced Drainage Systems Inc.","00790R104","BP7RS59",0.0030760511583274,"Industrials",523134,"USD"
"MEDP","Medpace Holdings Inc.","58506Q109","BDCBC61",0.00305451444651789,"Health Care",162717,"USD"
"AIT","Applied Industrial Technologies Inc.","03820C105","2086309",0.00303136525277599,"Industrials",275799,"USD"
"RMBS","Rambus Inc.","750917106","2721967",0.00298889650988162,"Information Technology",787151,"USD"
"OGE","OGE Energy Corp.","670837103","2657802",0.0029818015893791,"Utilities",1473104,"USD"
"FLS","Flowserve Corporation","34354P105","2288406",0.00297507955532344,"Industrials",929490,"USD"
"CNH","CNH Industrial NV","N20944109","BDX85Z1",0.00294200351968525,"Industrials",6470857,"USD"
"OSK","Oshkosh Corp","688239201","2663520",0.00293149215308847,"Industrials",462520,"USD"
"GMED","Globus Medical Inc Class A","379577208","B7D65M0",0.00291169893736836,"Health Care",814639,"USD"
"TTMI","TTM Technologies Inc.","87305R109","2635659",0.0028932662532787,"Information Technology",755572,"USD"
"BAH","Booz Allen Hamilton Holding Corporation Class A","099502106","B5367T7",0.00289261118249367,"Industrials",886966,"USD"
"DOCU","DocuSign Inc.","256163106","BFYT7B7",0.00289070643821103,"Information Technology",1470499,"USD"
"AMH","American Homes 4 Rent Class A","02665T306","BCF5RR9",0.00288550618397907,"Real Estate",2383856,"USD"
"TTC","Toro Company","891092108","2897040",0.00287511575352722,"Industrials",715581,"USD"
"AHR","American Healthcare REIT Inc.","398182303","BQWNKQ4",0.0028520169498457,"Real Estate",1293576,"USD"
"GTLS","Chart Industries Inc.","16115Q308","B19HNF4",0.00282764831664243,"Industrials",323141,"USD"
"ADC","Agree Realty Corporation","008492100","2062161",0.00282665059344676,"Real Estate",838993,"USD"
"ORI","Old Republic International Corporation","680223104","2659109",0.00281611907082583,"Financials",1664634,"USD"
"SSB","SouthState Bank Corporation","84472E102","BVDCQB2",0.00281160412141513,"Financials",734976,"USD"
"BRX","Brixmor Property Group Inc.","11120U105","BFTDJL8",0.002810545930147,"Real Estate",2238242,"USD"
"CNM","Core & Main Inc. Class A","21874C102","BNXKS92",0.00280881251206968,"Industrials",1394344,"USD"
"ONTO","Onto Innovation Inc.","683344105","BKZ7N95",0.00279779724486903,"Information Technology",358373,"USD"
"DINO","HF Sinclair Corporation","403949100","BMZQ9C1",0.00277019356978889,"Energy",1143297,"USD"
"DAR","Darling Ingredients Inc","237266101","2250289",0.00275565099836113,"Consumer Staples",1156675,"USD"
"AFG","American Financial Group Inc.","025932104","2134532",0.00274475666730541,"Financials",506185,"USD"
"WTFC","Wintrust Financial Corporation","97650W108","2425258",0.00272412697658287,"Financials",489700,"USD"
"CR","Crane Company","224408104","BNYD4F8",0.00271555058830496,"Industrials",357980,"USD"
"CUBE","CubeSmart","229663109","B6SW913",0.0026946185572201,"Real Estate",1667428,"USD"
"TTEK","Tetra Tech Inc.","88162G103","2883890",0.00268243424061846,"Industrials",1911525,"USD"
"NNN","NNN REIT Inc.","637417106","2211811",0.00264008643386902,"Real Estate",1388725,"USD"
"CFR","Cullen/Frost Bankers Inc.","229899109","2239556",0.00262857734407658,"Financials",467547,"USD"
"NFG","National Fuel Gas Company","636180101","2626103",0.00261959783531557,"Utilities",660750,"USD"
"OC","Owens Corning","690742101","B1FW7Q2",0.00261935596302571,"Industrials",601000,"USD"
"ATR","AptarGroup Inc.","038336103","2045247",0.00261497202777202,"Materials",479817,"USD"
"MANH","Manhattan Associates Inc.","562750109","2239471",0.00261430687897491,"Information Technology",440612,"USD"
"KNX","Knight-Swift Transportation Holdings Inc. Class A","499049104","BF0LKD0",0.00261111214914636,"Industrials",1187043,"USD"
"SAIA","Saia Inc.","78709Y105","2982399",0.00260163881779355,"Industrials",194819,"USD"
"WTS","Watts Water Technologies Inc. Class A","942749102","2943620",0.00257049776047423,"Industrials",200401,"USD"
"VMI","Valmont Industries Inc.","920253101","2926825",0.00255969413152721,"Industrials",144049,"USD"
"VNOM","Viper Energy Inc.","64361Q101","BW0WZZ9",0.00254001177393995,"Energy",1358755,"USD"
"CGNX","Cognex Corporation","192422103","2208288",0.00252777706727793,"Information Technology",1225499,"USD"
"LFUS","Littelfuse Inc.","537008104","2531832",0.00250913274493465,"Information Technology",182090,"USD"
"REXR","Rexford Industrial Realty Inc.","76169C100","BC9ZHL9",0.00250430537714955,"Real Estate",1698585,"USD"
"MP","MP Materials Corp Class A","553368101","BN15Y35",0.00250056643466881,"Materials",984910,"USD"
"CAVA","CAVA Group Inc.","148929102","BRBD9F4",0.00247860644635205,"Consumer Discretionary",729372,"USD"
"MASI","Masimo Corporation","574795100","B1YWR63",0.00247798160960325,"Health Care",333847,"USD"
"ZION","Zions Bancorporation NA","989701107","2989828",0.0024765303758641,"Financials",1079572,"USD"
"KNSL","Kinsale Capital Group Inc.","49714P108","BD1MGQ3",0.00247311392976984,"Financials",161596,"USD"
"UMBF","UMB Financial Corporation","902788108","2918510",0.00247166269603069,"Financials",522072,"USD"
"FR","First Industrial Realty Trust Inc.","32054K103","2360757",0.0024645073074557,"Real Estate",968288,"USD"
"PRI","Primerica Inc.","74164M108","B50K3X8",0.00245829925201599,"Financials",233377,"USD"
"UGI","UGI Corporation","902681105","2910118",0.00244794913361245,"Utilities",1571551,"USD"
"COLB","Columbia Banking System Inc.","197236102","2176608",0.00244397839685393,"Financials",2187215,"USD"
"AYI","Acuity Inc.","00508Y102","2818461",0.00242464876968939,"Industrials",222387,"USD"
"MUSA","Murphy USA Inc.","626755102","BCZWJ63",0.00240083442715037,"Consumer Discretionary",124654,"USD"
"SFM","Sprouts Farmers Market Inc.","85208M102","BCGCR79",0.00237401683701228,"Consumer Staples",711973,"USD"
"HLI","Houlihan Lokey Inc. Class A","441593100","BYQ3PM7",0.00235806334389368,"Financials",398619,"USD"
"IDA","IDACORP Inc.","451107106","2296937",0.00235663226617868,"Utilities",395184,"USD"
"AM","Antero Midstream Corp.","03676B102","BJBT0Q4",0.00235591672732118,"Energy",2437811,"USD"
"AMG","Affiliated Managers Group Inc.","008252108","2127899",0.00235250028122693,"Financials",205685,"USD"
"ARWR","Arrowhead Pharmaceuticals Inc.","04280A100","BYQBFJ8",0.00235205684869552,"Health Care",1010959,"USD"
"R","Ryder System Inc.","783549108","2760669",0.00233505524232086,"Industrials",295245,"USD"
"ONB","Old National Bancorp","680033107","2658441",0.00232426169138591,"Financials",2543070,"USD"
"HALO","Halozyme Therapeutics Inc.","40637H109","2975098",0.00231151300610794,"Health Care",859885,"USD"
"AGCO","AGCO Corporation","001084102","2010278",0.00229605333558113,"Industrials",452897,"USD"
"FCFS","FirstCash Holdings Inc.","33768G107","BMF5Q83",0.00229346328647723,"Financials",283987,"USD"
"SSD","Simpson Manufacturing Co. Inc.","829073105","2809250",0.00228684203254234,"Industrials",303156,"USD"
"SEIC","SEI Investments Company","784117103","2793610",0.00227773150962433,"Financials",680422,"USD"
"CYTK","Cytokinetics Incorporated","23282W605","BBBSBJ5",0.00226866129875463,"Health Care",894018,"USD"
"ALV","Autoliv Inc.","052800109","2064253",0.00224173285048368,"Consumer Discretionary",511032,"USD"
"ARW","Arrow Electronics Inc.","042735100","2051404",0.00223864897878798,"Information Technology",376655,"USD"
"STAG","STAG Industrial Inc.","85254J102","B64BRQ5",0.00219693608679942,"Real Estate",1365538,"USD"
"INGR","Ingredion Incorporated","457187102","B7K24P7",0.00218711002502391,"Consumer Staples",464541,"USD"
"WAL","Western Alliance Bancorp","957638109","B0CCGJ4",0.00217450243191502,"Financials",754765,"USD"
"FLR","Fluor Corporation","343412102","2696838",0.00216733696532795,"Industrials",1178594,"USD"
"CHRD","Chord Energy Corporation","674215207","BLDDYB1",0.00216269100176025,"Energy",415802,"USD"
"CELH","Celsius Holdings Inc.","15118V207","B19HX21",0.00215898229331574,"Consumer Staples",1168674,"USD"
"AAL","American Airlines Group Inc.","02376R102","BCV7KT2",0.00215362079089054,"Industrials",4826635,"USD"
"CART","Maplebear Inc.","565394103","BN4L6W3",0.00214315981435415,"Consumer Staples",1343771,"USD"
"CMC","Commercial Metals Company","201723103","2213260",0.00212013155675718,"Materials",811415,"USD"
"NOV","NOV Inc.","62955J103","BN2RYW9",0.00211164587058796,"Energy",2667120,"USD"
"NXST","Nexstar Media Group Inc.","65336K103","2949758",0.00210811856636086,"Communication Services",208443,"USD"
"TEX","Terex Corporation","880779103","2884224",0.00210729216937051,"Industrials",829735,"USD"
"CRUS","Cirrus Logic Inc.","172755100","2197308",0.00209244725758042,"Information Technology",373139,"USD"
"AVAV","AeroVironment Inc.","008073108","B1P5YY8",0.00208466703225663,"Industrials",232634,"USD"
"KEX","Kirby Corporation","497266106","2493534",0.00208196612501988,"Industrials",396319,"USD"
"MIDD","Middleby Corporation","596278101","2590930",0.00207789460814059,"Industrials",338854,"USD"
"ORA","Ormat Technologies Inc.","686688102","B03L311",0.00206881431925881,"Utilities",444447,"USD"
"ACI","Albertsons Companies Inc. Class A","013091103","BYNQ369",0.00206338227074906,"Consumer Staples",2891962,"USD"
"SLAB","Silicon Laboratories Inc.","826919102","2568131",0.00205302207433344,"Information Technology",240225,"USD"
"HQY","HealthEquity Inc","42226A107","BP8XZL1",0.00204601785593961,"Health Care",629987,"USD"
"MSA","MSA Safety Inc.","553498106","BKM4S16",0.00204231922550719,"Industrials",269111,"USD"
"HXL","Hexcel Corporation","428291108","2416779",0.00203473048241287,"Industrials",582092,"USD"
"MTDR","Matador Resources Company","576485205","B7MSLL8",0.00202881468932341,"Energy",854165,"USD"
"FAF","First American Financial Corporation","31847R102","B4NFPK4",0.00199761316393163,"Financials",745107,"USD"
"OLLI","Ollie's Bargain Outlet Holdings Inc","681116109","BZ22B38",0.0019883716268566,"Consumer Discretionary",448304,"USD"
"HR","Healthcare Realty Trust Incorporated Class A","42226K105","BPQWHP8",0.0019823852876826,"Real Estate",2571157,"USD"
"TKR","Timken Company","887389104","2892807",0.00195438857013144,"Industrials",463493,"USD"
"ULS","UL Solutions Inc. Class A","903731107","BPW6WJ3",0.00194861386921107,"Industrials",550266,"USD"
"VOYA","Voya Financial Inc.","929089100","BKWQ2N2",0.00192793378842814,"Financials",695844,"USD"
"JHG","Janus Henderson Group PLC","G4474Y214","BYPZJQ6",0.0019258073278798,"Financials",903639,"USD"
"PB","Prosperity Bancshares Inc.(R)","743606105","2310257",0.00192006286099565,"Financials",694592,"USD"
"LAD","Lithia Motors Inc.","536797103","2515030",0.00191869225135312,"Consumer Discretionary",177316,"USD"
"PLNT","Planet Fitness Inc. Class A","72703H101","BYSFJV8",0.00191857131520819,"Consumer Discretionary",606785,"USD"
"THG","Hanover Insurance Group Inc.","410867105","2020415",0.00191786585436277,"Financials",260195,"USD"
"STWD","Starwood Property Trust Inc.","85571B105","B3PQ520",0.0019001083970823,"Financials",2545435,"USD"
"CBSH","Commerce Bancshares Inc.","200525103","2213204",0.00189900989376586,"Financials",945479,"USD"
"BROS","Dutch Bros Inc. Class A","26701L100","BMWP7H2",0.00189235840579474,"Consumer Discretionary",928866,"USD"
"G","Genpact Limited","G3922B107","B23DBK6",0.00189176380308217,"Industrials",1172466,"USD"
"WFRD","Weatherford International plc","G48833118","BLNN369",0.00188819618680676,"Energy",524498,"USD"
"CRBG","Corebridge Financial Inc.","21871X109","BMTX0G9",0.00188751088198549,"Financials",1954835,"USD"
"GATX","GATX Corporation","361448103","2362128",0.00187585062201188,"Industrials",261040,"USD"
"RGEN","Repligen Corporation","759916109","2731654",0.00186157007889814,"Health Care",386916,"USD"
"GXO","GXO Logistics Inc","36262G101","BNNTGF1",0.00185772027828455,"Industrials",837135,"USD"
"VAL","Valaris Ltd.","G9460G101","BMY0YX0",0.00185700473942705,"Energy",473144,"USD"
"FND","Floor & Decor Holdings Inc. Class A","339750101","BYQHP96",0.00185682333520966,"Consumer Discretionary",787927,"USD"
"H","Hyatt Hotels Corporation Class A","448579102","B5B82X4",0.00185634966864202,"Consumer Discretionary",305784,"USD"
"LEA","Lear Corporation","521865204","B570P91",0.00185516046321688,"Consumer Discretionary",379282,"USD"
"EXP","Eagle Materials Inc.","26969P108","2191399",0.00184860975536654,"Materials",234454,"USD"
"JEF","Jefferies Financial Group Inc.","47233W109","BG0Q4Z2",0.00183826971497507,"Financials",1206679,"USD"
"AXTA","Axalta Coating Systems Ltd.","G0750C108","BSFWCF5",0.00183810846678183,"Materials",1559972,"USD"
"POR","Portland General Electric Company","736508847","B125XQ6",0.00183505482912237,"Utilities",822535,"USD"
"ESAB","ESAB Corporation","29605J106","BJLTMN5",0.0018283831851271,"Industrials",417287,"USD"
"ENS","EnerSys","29275Y102","B020GQ5",0.00182342480318499,"Industrials",269882,"USD"
"AAON","AAON Inc.","000360206","2268130",0.00182194333540961,"Industrials",494817,"USD"
"MTG","MGIC Investment Corporation","552848103","2548616",0.00180663483506396,"Financials",1636025,"USD"
"FNB","F.N.B. Corporation","302520101","2041308",0.0017798474789621,"Financials",2618744,"USD"
"TXNM","TXNM Energy Inc.","69349H107","2707826",0.00177955521661185,"Utilities",716804,"USD"
"TMHC","Taylor Morrison Home Corporation","87724P106","B832462",0.00177885983377851,"Consumer Discretionary",714577,"USD"
"BSY","Bentley Systems Incorporated Class B","08265T208","BMC1PR6",0.00177044469369384,"Information Technology",1088997,"USD"
"RLI","RLI Corp.","749607107","2719070",0.00176059847589417,"Financials",671529,"USD"
"VLY","Valley National Bancorp","919794107","2935326",0.00175893560390139,"Financials",3506656,"USD"
"GBCI","Glacier Bancorp Inc.","37637Q105","2370585",0.00175205232165249,"Financials",940647,"USD"
"CHE","Chemed Corporation","16359R103","2190084",0.00175015765538193,"Health Care",103570,"USD"
"SWX","Southwest Gas Holdings Inc.","844895102","2831888",0.00173481892100006,"Utilities",469752,"USD"
"ESNT","Essent Group Ltd.","G3198U102","BFWGXR8",0.00172458973874144,"Financials",706826,"USD"
"RYN","Rayonier Inc.","754907103","2473138",0.001723360221268,"Real Estate",2031288,"USD"
"CHDN","Churchill Downs Incorporated","171484108","2194105",0.00172247335620518,"Consumer Discretionary",484380,"USD"
"WH","Wyndham Hotels & Resorts Inc.","98311A105","BF108P4",0.00171942979655779,"Consumer Discretionary",552449,"USD"
"CNX","CNX Resources Corporation","12653C108","BF3FTF4",0.00171418923027752,"Energy",985915,"USD"
"CHWY","Chewy Inc. Class A","16679L109","BJLFHW7",0.00171219378388618,"Consumer Discretionary",1645682,"USD"
"UBSI","United Bankshares Inc.","909907107","2905794",0.00170128937481838,"Financials",1024341,"USD"
"WEX","WEX Inc.","96208T104","B8383P2",0.00170016063746571,"Financials",250727,"USD"
"KRG","Kite Realty Group Trust","49803T300","BPBSZJ1",0.00169665348926276,"Real Estate",1583122,"USD"
"NJR","New Jersey Resources Corporation","646025106","2630513",0.00168745226423604,"Utilities",734511,"USD"
"AVTR","Avantor Inc.","05352A100","BJLT387",0.0016657543042333,"Health Care",4985519,"USD"
"SR","Spire Inc.","84857L101","BYXJQG9",0.00166511938947242,"Utilities",431602,"USD"
"WING","Wingstop Inc.","974155103","BYYXHN4",0.00165943539066073,"Consumer Discretionary",203181,"USD"
"LNTH","Lantheus Holdings Inc","516544103","BP8S8J5",0.00164920620840212,"Health Care",484883,"USD"
"BKH","Black Hills Corporation","092113109","2101741",0.0016489945701485,"Utilities",551867,"USD"
"VNT","Vontier Corp","928881101","BH4GV32",0.00162484765321093,"Information Technology",1060992,"USD"
"GAP","Gap Inc.","364760108","2360326",0.00161902256223016,"Consumer Discretionary",1655020,"USD"
"UFPI","UFP Industries Inc.","90278Q108","BMQ60Q1",0.00161695656975429,"Industrials",425983,"USD"
"OGS","ONE Gas Inc.","68235P108","BJ0KXV4",0.00161224006010204,"Utilities",438720,"USD"
"SON","Sonoco Products Company","835495102","2821395",0.00160871275587493,"Materials",721216,"USD"
"FBIN","Fortune Brands Innovations Inc.","34964C106","B3MC7D6",0.00160762433057057,"Industrials",878465,"USD"
"HWC","Hancock Whitney Corporation","410120109","2415497",0.00160576997634832,"Financials",611392,"USD"
"SBRA","Sabra Health Care REIT Inc.","78573L106","B5NLBP6",0.00160240392031445,"Real Estate",1823282,"USD"
"VFC","V.F. Corporation","918204108","2928683",0.00159558110613802,"Consumer Discretionary",2399908,"USD"
"SARO","StandardAero Inc.","85423L103","BQPDNZ1",0.00158751869647606,"Industrials",1411650,"USD"
"CLF","Cleveland-Cliffs Inc","185899101","BYVZ186",0.00157156520335745,"Materials",4165771,"USD"
"AN","AutoNation Inc.","05329W102","2732635",0.00156201124790803,"Consumer Discretionary",200015,"USD"
"MAT","Mattel Inc.","577081102","2572303",0.00155900800030895,"Consumer Discretionary",2272613,"USD"
"ST","Sensata Technologies Holding PLC","G8060N102","BFMBMT8",0.00154438480478457,"Industrials",1065223,"USD"
"HIMS","Hims & Hers Health Inc. Class A","433000106","BN46048",0.00153576810445835,"Health Care",1523168,"USD"
"LSTR","Landstar System Inc.","515098101","2503994",0.00153393390626026,"Industrials",251135,"USD"
"FCN","FTI Consulting Inc.","302941109","2351449",0.00152028827790739,"Industrials",221303,"USD"
"AVT","Avnet Inc.","053807103","2066505",0.00151512833572374,"Information Technology",594690,"USD"
"PCTY","Paylocity Holding Corp.","70438V106","BKM4N88",0.00150554414623808,"Industrials",322093,"USD"
"MTN","Vail Resorts Inc.","91879Q109","2954194",0.00150447587695787,"Consumer Discretionary",262895,"USD"
"HOMB","Home BancShares Inc.","436893200","B17MTL9",0.00148836113564603,"Financials",1336544,"USD"
"PATH","UiPath Inc. Class A","90364P105","BMD02L5",0.00148321127147446,"Information Technology",3084399,"USD"
"LPX","Louisiana-Pacific Corporation","546347105","2535243",0.00147619697506855,"Materials",463406,"USD"
"BIO","Bio-Rad Laboratories Inc. Class A","090572207","2098508",0.00147220608228588,"Health Care",132951,"USD"
"EXLS","ExlService Holdings Inc.","302081104","B07LST0",0.00145813717742576,"Industrials",1160443,"USD"
"BYD","Boyd Gaming Corporation","103304101","2117232",0.00145349121385806,"Consumer Discretionary",422716,"USD"
"AMKR","Amkor Technology Inc.","031652100","2242929",0.00145126397318894,"Information Technology",831458,"USD"
"POST","Post Holdings Inc.","737446104","B6T0518",0.00144504583973715,"Consumer Staples",349537,"USD"
"KBR","KBR Inc.","48242W106","B1HHB18",0.00144482412347145,"Industrials",928566,"USD"
"GNTX","Gentex Corporation","371901109","2366799",0.0014428790671405,"Consumer Discretionary",1600939,"USD"
"OPCH","Option Care Health Inc","68404L201","BKM5C62",0.00144272789695934,"Health Care",1160676,"USD"
"MUR","Murphy Oil Corporation","626717102","2611206",0.00144068206050762,"Energy",981104,"USD"
"OZK","Bank OZK","06417N103","BZ56Q65",0.00143554227434812,"Financials",774233,"USD"
"SIGI","Selective Insurance Group Inc.","816300107","2766173",0.00143046295626109,"Financials",441718,"USD"
"M","Macy's Inc.","55616P104","2345022",0.00142574644660884,"Consumer Discretionary",1963350,"USD"
"NEU","NewMarket Corporation","651587107","B01CGF1",0.00141859105803385,"Materials",57036,"USD"
"BDC","Belden Inc.","077454106","B01WL78",0.00141808715742998,"Information Technology",287364,"USD"
"LOPE","Grand Canyon Education Inc.","38526M106","B3F1XM1",0.00140264764292732,"Consumer Discretionary",202039,"USD"
"DBX","Dropbox Inc. Class A","26210C104","BG0T321",0.00139761871490068,"Information Technology",1275403,"USD"
"TNL","Travel + Leisure Co.","894164102","BMXYT16",0.00138912295071939,"Consumer Discretionary",470356,"USD"
"BC","Brunswick Corporation","117043109","2149309",0.00138760117089569,"Consumer Discretionary",475560,"USD"
"ALK","Alaska Air Group Inc.","011659109","2012605",0.00138638173143432,"Industrials",848124,"USD"
"BCO","Brink's Company","109696104","2691305",0.00137862166213469,"Industrials",303789,"USD"
"KNF","Knife River Corporation","498894104","BPLL4V5",0.00137121432325776,"Materials",414332,"USD"
"THO","Thor Industries Inc.","885160101","2889876",0.00134024459214376,"Consumer Discretionary",384857,"USD"
"ELF","e.l.f. Beauty Inc.","26856L103","BDDQ975",0.00133859179816306,"Consumer Staples",436071,"USD"
"VVV","Valvoline Inc.","92047W101","BDG22J3",0.00133814836563165,"Consumer Discretionary",929483,"USD"
"MORN","Morningstar Inc.","617700109","B081VR8",0.00133501410387556,"Financials",174434,"USD"
"NOVT","Novanta Inc","67000B104","BD8S5H8",0.00132254760293576,"Information Technology",261593,"USD"
"EPR","EPR Properties","26884U109","B8XXZP1",0.00131390066857331,"Real Estate",556744,"USD"
"TCBI","Texas Capital Bancshares Inc.","88224Q107","2977209",0.00130342961402484,"Financials",333752,"USD"
"SAIC","Science Applications International Corp.","808625107","BDTZZG7",0.00130284508932434,"Industrials",336518,"USD"
"VNO","Vornado Realty Trust","929042109","2933632",0.001299156536904,"Real Estate",1179635,"USD"
"OLED","Universal Display Corporation","91347P105","2277880",0.00129501447394017,"Information Technology",323301,"USD"
"NVST","Envista Holdings Corp.","29415F104","BK63SF3",0.0012936136302614,"Health Care",1202305,"USD"
"FHI","Federated Hermes Inc. Class B","314211103","2246288",0.00129241434682418,"Financials",540376,"USD"
"SLM","SLM Corp","78442P106","2101967",0.00127967573955829,"Financials",1484647,"USD"
"CROX","Crocs Inc.","227046109","B0T7Z62",0.00127848653413315,"Consumer Discretionary",379617,"USD"
"NWE","NorthWestern Energy Group Inc.","668074305","B03PGL4",0.00127711592449062,"Utilities",449018,"USD"
"MSM","MSC Industrial Direct Co. Inc. Class A","553530106","2567655",0.00127698491033361,"Industrials",334516,"USD"
"RYAN","Ryan Specialty Holdings Inc. Class A","78351F107","BNXKSK3",0.0012676022810895,"Financials",828634,"USD"
"MMS","MAXIMUS Inc.","577933104","2018669",0.00126220046661599,"Industrials",412039,"USD"
"APPF","AppFolio Inc Class A","03783C100","BYN7H48",0.0012566978720217,"Information Technology",168714,"USD"
"ASB","Associated Banc-Corp","045487105","2055718",0.00124885717862545,"Financials",1195485,"USD"
"TREX","Trex Company Inc.","89531P105","2483074",0.00123853729425814,"Industrials",784262,"USD"
"ANF","Abercrombie & Fitch Co. Class A","002896207","2004185",0.00122391409873376,"Consumer Discretionary",344181,"USD"
"WMG","Warner Music Group Corp. Class A","934550203","BLGJ610",0.00121227399478431,"Communication Services",1066744,"USD"
"PEGA","Pegasystems Inc.","705573103","2675860",0.00120458447156921,"Information Technology",670155,"USD"
"BRKR","Bruker Corporation","116794108","2616137",0.0012022665287914,"Health Care",811037,"USD"
"BBWI","Bath & Body Works Inc.","070830104","BNNTGJ5",0.00119749962907877,"Consumer Discretionary",1507674,"USD"
"ALGM","Allegro MicroSystems Inc.","01749D105","BN4LSB6",0.00119520184232511,"Information Technology",906921,"USD"
"FFIN","First Financial Bankshares Inc","32020R109","2266026",0.00119331725406662,"Financials",952895,"USD"
"HLNE","Hamilton Lane Incorporated Class A","407497106","BF0SR29",0.00119155360195307,"Financials",298986,"USD"
"DLB","Dolby Laboratories Inc. Class A","25659T107","B04NJM9",0.00119035431851585,"Information Technology",447387,"USD"
"IRT","Independence Realty Trust Inc.","45378A106","BCRYTK1",0.0011871595886873,"Real Estate",1745621,"USD"
"CUZ","Cousins Properties Incorporated","222795502","BJP0MF6",0.00118328963204956,"Real Estate",1228185,"USD"
"HRB","H&R Block Inc.","093671105","2105505",0.00118153605794809,"Consumer Discretionary",924439,"USD"
"WLK","Westlake Corporation","960413102","B01ZP20",0.00117804906576929,"Materials",243864,"USD"
"DUOL","Duolingo Inc. Class A","26603R106","BMCM6P4",0.00117459230762672,"Consumer Discretionary",292589,"USD"
"CNO","CNO Financial Group Inc.","12621E103","2657750",0.0011727681874407,"Financials",697241,"USD"
"CBT","Cabot Corporation","127055101","2162500",0.00113348409636281,"Materials",389034,"USD"
"FLG","Flagstar Bank National Association","649445400","BT6MM39",0.00113310113190386,"Financials",2188845,"USD"
"IBOC","International Bancshares Corporation","459044103","2243911",0.00112595582134095,"Financials",395460,"USD"
"WHR","Whirlpool Corporation","963320106","2960384",0.00111383197281178,"Consumer Discretionary",460902,"USD"
"SLGN","Silgan Holdings Inc.","827048109","2809324",0.00111203808666199,"Materials",641304,"USD"
"CDP","COPT Defense Properties","22002T108","2756152",0.00110748282520299,"Real Estate",826051,"USD"
"CVLT","Commvault Systems Inc.","204166102","B142B38",0.00110249420922465,"Information Technology",322421,"USD"
"GHC","Graham Holdings Co. Class B","384637104","BGM1B98",0.00109896690499754,"Consumer Discretionary",24846,"USD"
"BILL","BILL Holdings Inc.","090043100","BKDS4H5",0.00109303095588393,"Information Technology",651806,"USD"
"PBF","PBF Energy Inc. Class A","69318G106","B7F4TJ7",0.00109173089232593,"Energy",601429,"USD"
"QLYS","Qualys Inc.","74758T303","B7XJTN8",0.00107554560492955,"Information Technology",262197,"USD"
"EXPO","Exponent Inc.","30214U102","2330318",0.00107500139227737,"Industrials",364777,"USD"
"BHF","Brighthouse Financial Inc.","10922N103","BF429K9",0.00106754366334006,"Financials",418043,"USD"
"KBH","KB Home","48666K109","2485070",0.00106433885549943,"Consumer Discretionary",473573,"USD"
"DOCS","Doximity Inc. Class A","26622P107","BMD22Y4",0.0010315046921511,"Health Care",1004495,"USD"
"LIVN","LivaNova Plc","G5509L101","BYMT0J1",0.00100141174808783,"Health Care",399288,"USD"
"KRC","Kilroy Realty Corporation","49427F108","2495529",0.000986909488708384,"Real Estate",795870,"USD"
"AVNT","Avient Corporation","05368V106","BMHWY55",0.000977768731754137,"Materials",669527,"USD"
"SHC","Sotera Health Company","83601L102","BNKVRZ7",0.000959477139833567,"Health Care",1703170,"USD"
"MZTI","Marzetti Company","513847103","2503206",0.000955808743437375,"Consumer Staples",148729,"USD"
"PSN","Parsons Corporation","70202L102","BJN4N02",0.000935451159040927,"Industrials",389333,"USD"
"OLN","Olin Corporation","680665205","2658526",0.000917965808086553,"Materials",834478,"USD"
"FOUR","Shift4 Payments Inc. Class A","82452J109","BLF0L75",0.000917492141518912,"Financials",494045,"USD"
"PVH","PVH Corp.","693656100","B3V9F12",0.000911032135777268,"Consumer Discretionary",351859,"USD"
"SYNA","Synaptics Incorporated","87157D109","2839268",0.000896620578506515,"Information Technology",285100,"USD"
"GPK","Graphic Packaging Holding Company","388689101","B2Q8249",0.000896257770071727,"Materials",2157980,"USD"
"KD","Kyndryl Holdings Incorporation","50155Q100","BP6JW21",0.000887802317938747,"Information Technology",1671293,"USD"
"EEFT","Euronet Worldwide Inc.","298736109","2320148",0.000876232760073835,"Financials",285922,"USD"
"YETI","YETI Holdings Inc.","98585X104","BGR7KH2",0.000869379711861169,"Consumer Discretionary",568941,"USD"
"HAE","Haemonetics Corporation","405024100","2401195",0.00086119636605428,"Health Care",342282,"USD"
"IPGP","IPG Photonics Corporation","44980X109","2698782",0.000856751962728125,"Information Technology",184805,"USD"
"PII","Polaris Inc.","731068102","2692933",0.000848246120534758,"Consumer Discretionary",390730,"USD"
"PAG","Penske Automotive Group Inc.","70959W103","2943523",0.000839417781954912,"Consumer Discretionary",134843,"USD"
"SMG","Scotts Miracle-Gro Company Class A","810186106","2781518",0.000820138544850752,"Materials",325091,"USD"
"HGV","Hilton Grand Vacations Inc.","43283X105","BYSLHX4",0.00077518053297325,"Consumer Discretionary",437853,"USD"
"VC","Visteon Corporation","92839U206","B4N0JJ6",0.000761484514559996,"Consumer Discretionary",199520,"USD"
"XRAY","DENTSPLY SIRONA Inc.","24906P109","BYNPPC6",0.000728206918680259,"Health Care",1459152,"USD"
"ASH","Ashland Inc.","044186104","BYND5N1",0.000720598019561784,"Materials",334210,"USD"
"NSA","National Storage Affiliates Trust","637870106","BWWCK85",0.000677695922148082,"Real Estate",517560,"USD"
"CPRI","Capri Holdings Limited","G1890L107","BJ1N1M9",0.000673906589606961,"Consumer Discretionary",871188,"USD"
"HOG","Harley-Davidson Inc.","412822108","2411053",0.000656552252809594,"Consumer Discretionary",863871,"USD"
"CXT","Crane NXT Co.","224441105","BQ7W2W6",0.000654405636237097,"Information Technology",361095,"USD"
"BRBR","BellRing Brands Inc.","07831C103","BN70ZC0",0.000651795431109038,"Consumer Staples",921173,"USD"
"PK","Park Hotels & Resorts Inc.","700517105","BYVMVV0",0.000641062348246554,"Real Estate",1461678,"USD"
"GT","Goodyear Tire & Rubber Company","382550101","2378200",0.000625673223804289,"Consumer Discretionary",2092446,"USD"
"RH","RH","74967X103","BYXR425",0.000624393316270453,"Consumer Discretionary",112398,"USD"
"CHH","Choice Hotels International Inc.","169905106","2106780",0.000612299701777513,"Consumer Discretionary",151138,"USD"
"FLO","Flowers Foods Inc.","343498101","2744243",0.000563612825431356,"Consumer Staples",1544164,"USD"
"SAM","Boston Beer Company Inc. Class A","100557107","2113393",0.000545200297365856,"Consumer Staples",56243,"USD"
"GEF","Greif Inc Class A","397624107","2388016",0.000542156737718466,"Materials",191357,"USD"
"KMPR","Kemper Corp","488401100","B52KRV2",0.000527604088278629,"Financials",428101,"USD"
"CAR","Avis Budget Group Inc.","053774105","B1CL8J2",0.000520196749401704,"Industrials",123540,"USD"
"GTM","ZoomInfo Technologies Inc","98980F104","BMWF095",0.000508788439730031,"Communication Services",2005001,"USD"
"BLKB","Blackbaud Inc.","09227Q100","2458878",0.00050654104303676,"Information Technology",268179,"USD"
"ASGN","ASGN Incorporated","00191U102","BFY8W20",0.000486082678519538,"Information Technology",312229,"USD"
"PPC","Pilgrim's Pride Corporation","72147K108","B5L3PZ2",0.000478544325485605,"Consumer Staples",312654,"USD"
"CNXC","Concentrix Corporation","20602D101","BNKVVY4",0.000433606469632259,"Industrials",323214,"USD"
"COLM","Columbia Sportswear Company","198516106","2229126",0.000430421817815785,"Consumer Discretionary",185205,"USD"
"COTY","Coty Inc. Class A","222070203","BBBSMJ2",0.000252192174226093,"Consumer Staples",2686037,"USD"
